0.11,1.1,-0.42,1.92,2.19,1.18,2.68,1.72,0.92,0.92,1.67,3,0.91,3.85,5.01,2.58,1.81,0.46,1.05,-0.45,0.74,1.87,-0.66,0.18,0.96,-0.39,0.54,-1.05,0.85,0.58,-1.11,1.19,-0.17,1.37,-0.09,-0.23,1.71,-0.67,-1.38,1.52,0
-1.01,2.48,2.21,4.86,4.71,4.98,5.57,4.6,5.29,3.01,1.56,2.79,0.97,0.56,-1.21,0.11,0.61,1.87,0.52,1.38,0.69,-0.12,1.21,0.75,-0.59,-0.57,-0.73,2.15,-0.67,-2.08,0.52,0.04,0.46,-0.71,-0.27,-0.6,-0.04,0.59,-0.37,1.09,1
-1.29,1.69,-1.07,0.63,-0.52,-0.8,-0.16,-0.25,0.71,3.91,3.23,5.57,3.82,5.26,4.96,4.07,5.47,2.54,1.79,1.07,3.27,-1.1,0.15,1.89,0.72,0.93,-0.56,-1.6,-0.28,-0.75,-0.13,-1.49,0.83,0.93,-1.01,-0.03,-0.01,-1.39,-1.35,-0.11,1
-0.59,-0.02,0.58,-1.05,0.62,-0.83,2.11,1.55,2.58,3.94,4.89,2.57,4.35,3.75,3.01,3.21,1.49,1.75,-0.19,0.43,-0.38,1.7,0.4,0.45,0.8,-0.76,0.37,0.68,-0.68,-0.32,1.02,-1.29,0.93,1.39,-0.95,0.16,-1,-1.2,-2.61,-0.04,1
-1.13,1.53,1.35,2.94,-1.7,1.46,3.17,1.22,0.86,5.56,5.67,3.96,3.58,3.67,1.02,-0.24,0,-1.36,1.26,-0.41,-0.71,-0.16,0.39,1.21,-0.05,-0.32,0.24,0.69,0.59,-2.53,0.31,0.37,0.3,-0.57,-0.18,1.02,-1.07,-0.29,-0.32,-0.88,1
0.62,-0.33,2.39,1.75,3.78,4.82,5.78,4.17,4.78,2.97,2.7,1.93,0.85,0.23,1.34,0.72,0.88,-1.31,1.5,0.71,1.65,-1.89,-0.01,-0.13,-0.35,0.09,-1.2,-1.69,0.34,-0.41,-1.05,-0.68,2.24,-0.53,0.06,0.09,0.07,0.56,-0.31,-1.77,0
-0.43,1.94,-0.07,2.27,1.79,4.52,4.37,4.67,4.83,3.76,0.92,1.53,0.43,1.06,-0.92,-0.59,1.33,2.35,0.46,-0.63,0.12,-1.2,0.17,-0.21,-0.94,-0.32,-0.15,-0.1,-0.47,1.09,0.32,-0.98,-0.19,-1.84,-0.12,1,-1.48,-0.53,-1.12,-0.43,0
0.12,1.27,3.06,3.26,4.63,3.67,5.9,3.51,4.05,3.43,1.83,1.53,1.09,-1.23,1.62,0.6,-0.46,1.04,0.49,0.07,0.8,-0.33,1.18,0.2,0.96,-0.35,0.52,0.33,-1.3,0.47,0.75,-0.33,-0.48,0.07,-0.48,0.31,0.3,0.61,0.13,0.66,0
1.55,1.79,2.87,2.62,3.07,5.31,4.24,4.68,5.06,3.2,2.31,2.16,-0.16,1.38,0.61,1.43,1.13,-0.86,0.61,-0.05,0.26,-1.36,0.8,0.21,-0.52,-0.19,0.65,-0.94,0.15,0.96,-1.58,-0.59,-1.85,0.72,-0.18,2.06,-0.43,0.02,1.79,1.81,0
0.99,-0.22,1.25,1.15,1.65,0.62,0.27,2.2,1.61,0.73,2.76,3.52,1.73,4.17,5.3,4.65,3.93,2.36,1.44,0.87,-0.27,0.28,-0.03,-0.77,2.13,0.17,-0.17,1.49,1.6,-0.71,-0.71,0.73,2.7,-0.18,-1.38,-0.11,-0.02,-0.55,0.37,0.27,0
1.44,2.11,1.81,3.76,2.63,4.45,5.63,5.05,3.74,3.96,2.02,2.27,1.33,-0.47,0.02,0.38,0.7,0.37,-0.31,-0.42,-1.43,0.7,-1.14,0.13,0.83,0.8,-1.28,-0.36,1.28,0.97,1.43,1.22,0.3,-0.75,0.33,-0.96,-0.81,0.04,-0.51,-0.02,0
-0.32,1.69,-0.06,4.04,2.18,2.53,4.48,4.19,2.73,3.11,4.01,1.62,0.63,2.77,0.65,1.33,0.61,0.07,-1.23,0.64,0.53,1.45,1.18,1.64,-1.13,0.01,1.09,1.25,0.5,-2.1,-1.03,0.06,-1.92,-0.39,-0.79,-0.36,-0.56,-0.56,0.23,0.25,0
0.7,-1.22,-0.96,-1.81,-0.54,2.17,3.71,3.89,2.17,3.98,4.97,5.24,5.3,3.8,3.29,1.94,2.27,1.39,2.09,0.04,1.92,-1.02,0.57,1.03,-1.34,0.92,0.07,0.37,-1.2,-1.31,0.55,-1.07,-0.32,0.76,1.64,-0.05,0.28,-0.58,1.01,-0.56,1
-1.34,2.16,0.72,2.1,0.84,4.96,5.33,4.77,4.74,1.01,3.7,1.44,2.75,1.89,0.38,-0.62,-0.44,-0.68,1.35,1.09,0.55,1,-0.16,-0.88,-0.02,0.04,0.35,0.44,-1.33,-1.98,0.36,0.31,0.73,0.08,-0.05,2.77,1.52,-0.44,0.26,0.67,1
0.11,-0.23,0.17,2.71,3.94,3.03,5.63,3.66,2.55,2.14,2.96,1.79,0.44,0.5,0.94,0.34,3.73,2.06,0.75,-0.78,0.41,-1.02,-1.3,0.8,-1.21,-0.47,-0.68,0.8,-0.03,-1.41,1.02,-1.01,-0.21,0.55,0.27,-0.5,1.13,-1.05,-2.06,-0.35,0
-0.15,2.04,0.55,1.23,-2.1,2.56,0.52,3.36,0.8,0.34,2.53,1.07,1.9,2.56,5.47,2.64,1.91,0.5,1.66,0.57,0.57,-0.32,-0.75,-1.75,1.56,0.69,0.81,-0.12,-0.27,-2.05,2.29,0.38,2.23,-0.42,0.8,1.04,0.56,-0.55,-0.9,0.47,0
0.61,0.61,-0.47,1.05,5.59,4.74,5.44,4.08,4.04,2.63,0.62,0.3,0.62,0.22,-1.05,0.51,0.75,-0.83,-0.74,-0.71,-0.32,-0.21,-1.38,-0.08,1.03,0.87,-0.35,-2.64,1.29,0.31,2.9,-0.34,-0.29,0.99,-1.03,-1.52,0.11,0.3,0.79,1.55,0
-0.78,0.51,0.96,3.51,1.91,5.31,3.23,4.02,3.25,2.42,3.19,0.47,0.92,0.29,1.46,0.4,0.39,-0.66,-0.73,0.57,-0.22,-0.1,-1.88,0.3,0.74,-1.72,2.07,1.93,0.87,0.66,-0.35,0.28,-0.13,0.3,0.33,0.05,0.76,-0.84,-0.72,-1.76,0
0.5,0.51,1.72,1.62,4.31,3.3,5.05,3.34,3.62,2.25,3.7,0.93,-1.62,-0.26,-0.19,0.88,1.37,-0.44,-0.78,0.76,0.38,0.16,0.84,0.05,1.17,0.81,1.05,-0.69,0.61,1.09,-0.61,-0.59,0.24,0.21,-1.27,-0.75,1.32,-0.58,0.55,2.06,0
-0.79,1.71,0.38,1.22,2.22,1.01,1.17,1.54,0.44,1.98,1.49,0.85,3.26,4.22,2.77,2.59,3.38,2.39,1,0.73,-0.04,-0.5,2.44,0.45,-1.25,1.05,2.21,0.8,-0.18,-0.37,-0.2,0.21,-0.25,-0.82,0.52,2.33,0.58,1.21,-1.94,-1.02,0
-0.07,0.72,0.49,0.61,1.46,2.45,3.18,2.5,5.03,5.22,6,3.35,3.62,4.78,0.09,1.08,0.1,-0.68,-0.18,1.86,-0.71,0.94,0.39,0.43,0.06,-0.63,1.37,0.91,-1.1,-0.43,0.11,0.06,-0.57,-0.7,-0.79,1.5,1.47,-0.81,0.16,-1.08,1
0.39,0.23,1.54,0.12,1.29,2.18,4.14,3.65,3.64,5.61,4.16,2.47,0.55,0.43,1.39,-2,-0.55,0.1,1.72,1.09,1.63,-0.31,-0.39,-0.58,-0.68,-0.23,-1.25,0.01,-0.09,-0.27,-0.96,-0.14,-0.89,-1.61,0.02,-1.09,0.27,-0.82,-0.87,1.15,1
-0.37,0.07,1.19,0.22,0.27,0.13,1.24,1.05,0.83,0.83,1.96,3.14,2.88,3.58,6.02,3.33,2.4,1.31,1.88,0.58,-1.33,0.21,-1.01,-1.08,-1.49,-0.37,-0.26,0.82,-1.94,0.09,-2.59,0.63,0.42,1.19,1.26,-0.69,0.62,-1.92,0.13,0.69,0
-0.46,-0.33,0.06,-0.98,-0.55,0.63,1.87,2.58,2.35,5.28,3.78,4.17,3.83,1.16,3.04,2.35,-1.28,0.27,-0.09,-0.33,-0.41,0.25,-0.73,0.44,0.64,-0.1,-2.13,0.86,0.14,0.13,-0.84,1.47,0.63,1.07,0.49,0.05,-0.29,-0.04,0.02,-0.29,1
0.92,-0.36,0.23,2.47,2.08,3.48,5.69,5.5,2.55,2.63,3.29,4.65,3.1,0.3,1.51,-0.26,-2.49,-1.69,0.77,-0.67,-0.26,-0.84,2.1,0.68,3.07,0.45,-0.95,-1.24,1.39,-0.4,-1.51,-1.08,-0.69,-1,-0.56,0.7,0.42,0.68,0.81,-0.21,0
-1.13,0.71,0.69,0.06,2.57,2.48,2.95,2.82,4.19,6.22,6.18,5.35,1.78,5.17,1.97,0.57,-1.02,0.44,0.89,0.44,-1.72,0.42,0.19,-0.45,0.11,1.45,-0.15,1.99,0.9,0.89,-2.1,1.68,0.79,0.92,-0.42,-0.31,-1.01,-1.56,-0.37,-0.29,1
-1.07,-1.02,-0.57,-0.08,1.24,2.45,3.75,1.99,4.13,3.83,6.34,5.47,2.84,2.37,1.08,1.29,-0.39,0.6,-0.23,-0.79,0.3,-2.91,-1.71,-0.12,1.05,-0.85,-1.18,1.36,0.83,-1.06,-1.4,0.87,-1.09,2.57,-0.69,1.04,-0.97,0.11,0.27,-0.24,1
-0.97,-0.29,2.47,1.73,2.11,0.96,1.71,1.88,1.39,1.91,3.07,2.74,3.06,0.9,2.52,4.36,-0.08,-0.36,0.6,1.51,0.88,1.64,0.24,0.6,0.78,0.5,-0.03,-0.19,-1.64,-1.66,1.01,-0.59,-0.06,-0.95,0.7,1.17,-0.4,-1.14,-0.09,-0.44,0
1.16,1.53,1.93,2.68,5.85,4.94,5.43,5.22,4.95,3.66,2.42,2.67,-1.05,-0.23,1.35,-0.11,1.97,1.34,-0.6,-0.32,-2.2,1.74,1.08,-0.66,-0.46,0.38,-1.51,0.26,1.65,-0.94,1.15,0.94,-0.47,0.61,-1.53,-1.38,-1.44,0.61,1.51,0.05,0
-0.57,-0.35,-0.28,-0.18,-0.13,-0.75,-0.07,-2.39,-0.15,2.75,2.23,4.28,3.88,2.96,4.51,4.68,2.9,1.62,1.72,1.77,0.17,0.39,-1.03,1.67,0.71,1.48,1.18,0.48,0.18,0.19,-0.02,-0.88,0.85,-0.53,-1.02,1.08,-1.08,-0.13,-0.48,-1.68,1
0.87,1,0.7,0.05,0.72,0.47,2.38,2.79,2.36,3.94,6.45,4.55,2.5,3.46,-0.07,0.74,-0.28,-0.13,1.13,1.58,-0.71,0.44,-0.87,0.35,-1.96,0.63,-0.81,0.86,0.12,0.15,1.13,1.78,-0.3,-1.1,-0.27,-0.07,0.05,-0.13,0.76,-1.42,0
-0.33,0.07,-1.97,1.66,2.33,1.91,2.27,-0.08,1.74,3.27,4.09,4.91,2.22,5.04,5.1,4.5,1.05,2.38,1.34,3.52,-1.17,0.61,-2.09,1.53,-0.68,1.37,0.23,0.69,-1.19,-0.11,1.41,2.92,1.18,-0.64,0.32,0.38,-0.82,0.75,-2.34,0.07,1
1.36,-1.06,-0.32,0.15,1.27,1.54,-0.79,1.92,3.12,3.68,5.27,2.19,5.08,3.94,2.21,1.39,1.14,1.26,0.36,-0.93,-1.84,1.39,0.1,-0.63,0.39,0.56,0.19,-0.93,0.57,-0.86,-1.5,-0.79,-0.73,2.51,-0.15,0.03,1.48,-0.47,-0.55,0.12,1
1.66,-0.97,1.6,0.06,1.8,-0.1,3.05,1.48,-0.05,2.41,1.33,3.05,2.22,3.84,4.09,3.39,2.99,2.01,0.68,2.01,1.01,-0.84,-0.63,-0.72,-0.72,0.7,-0.48,0.38,-0.29,-0.08,-0.79,-0.36,-0.12,0.47,-0.85,-1.71,-0.43,1.05,-0.21,0.36,0
-0.02,-1.31,0.99,0.83,1.78,3.75,1.43,1.54,3.76,1.61,1.92,1.59,2.68,2.75,3.45,3.05,3.7,0.7,1.4,0.3,-0.19,0.02,-2.7,-0.25,-0.04,0.85,-1.2,0.31,-0.69,-0.72,-0.81,0.69,0.45,-0.31,1.41,-0.92,-0.07,0.69,-0.47,-0.3,0
0.21,-2.38,0.16,-1.16,0.5,2.06,2.04,3.08,2.53,5.54,5.97,3.72,5.32,1.54,3.85,2.67,-0.77,-0.47,-1.39,1.2,0.99,0.25,-0.6,-1.59,0.47,0.14,-0.11,-1.24,0.05,0.58,0.53,1.06,0.63,0.03,1.49,-0.07,-0.91,-0.73,-0.69,-1.43,1
0.81,-0.48,-0.87,0.37,-0.61,1.83,1.92,3.94,2.47,4.73,6.43,4.88,4.8,3.29,1.44,1.31,1.08,-0.21,-0.4,-0.44,-2.27,-0.6,-0.55,-1.04,-1.37,-0.86,1.54,-1.35,-0.01,1.63,-0.58,0.77,-0.83,0.84,0.28,0.33,0.75,0.49,1.25,0.25,1
-0.16,-0.5,1.39,0.9,2.31,2.81,3.39,4.18,0.47,3.63,0.71,0.57,0.53,3.75,4.25,4.61,1.07,2.3,1.84,0.07,-0.34,1.92,1.64,-0.19,-0.17,-0.52,-0.63,-0.54,-0.55,1.06,0.32,-0.13,-0.79,0.61,-0.97,0.8,0.75,1.84,-0.12,0.38,0
0.38,0.29,0.42,-1.47,1.07,3.78,2.41,1.16,4.08,3.89,5.11,4.69,1.14,1.13,2.17,-0.06,-0.01,-0.5,1.28,-0.31,-0.39,1.33,-1.64,-0.16,1.87,-1.14,-1.23,-0.5,-2.53,0.34,-1.23,1.49,0.21,-0.23,-0.6,0.2,0.12,-0.78,0.52,-0.54,0
-0.77,-0.41,2.11,0.42,3.46,4,4.12,3.41,3.41,5.23,3.78,2.5,1.93,0.35,-0.07,-2.77,1.1,1.33,-0.19,0.04,-0.55,-1.2,0.65,0.07,0.26,1.09,-0.83,1.09,0.6,-0.47,-0.85,-0.32,2.59,-0.44,-0.17,-0.05,0.5,-0.31,1.67,1.25,0
-1.57,1.11,0.37,3.05,2.41,2.46,3.51,2.42,2.11,3.22,1.61,1.86,2.93,1.93,3.24,0.96,2.23,0.85,-0.41,-0.3,-1.09,-1.84,0.21,-0.33,-1.8,-0.8,-1.09,-0.71,-0.52,0.15,0.49,0.15,0.79,-0.03,0.6,0.82,-0.58,-0.62,1.93,-0.01,0
0.63,0.31,-0.59,-0.37,-0.17,-0.32,-0.1,0.49,0.96,3.48,6.84,4.1,5.51,4.23,4.51,4.59,4.24,1.22,1.83,1.59,0.83,0.77,-0.63,-2.7,0.34,-0.85,0.35,1.48,-0.11,-0.81,0.69,-0.58,-0.92,0.28,0.39,0.92,-0.34,0.63,1.63,0.01,1
0.75,-0.62,-0.41,0.18,-0.7,1.71,0.48,2.28,1.85,1.64,7.11,5.31,4.2,3.31,2.73,2.43,1.03,-1.97,-0.91,0.3,1.14,-0.13,-1.18,1.38,0.57,0.6,0.94,-1.04,0.13,1.06,-0.37,1.14,0.79,-0.64,-0.67,1.4,0.03,0.67,0.4,-0.76,1
-3,0.4,1.25,1.23,3.24,2.01,0.27,1.61,0.95,2.05,3.02,1.45,2.2,4.2,3.97,4.71,3.87,2.03,0.04,-1.24,-0.98,0.4,-0.71,-0.94,0.1,-1.15,-0.46,-0.94,0.02,0.65,-0.81,0.59,1.03,-0.75,0.23,-0.35,-0.63,0.11,1.31,0.59,0
0.85,1.7,1.49,3.47,1.49,2.5,2.93,4.04,0.78,1.82,3.03,3.8,2.95,3.01,5.17,2.96,2.51,2.49,-0.38,0.46,0.86,-0.65,-1.38,-0.09,0.44,1.45,-1.21,0.13,0.58,-0.89,-0.37,0.37,0.12,-0.71,-0.49,-2.88,0.28,1.09,-1,0.83,0
-0.77,0.42,2.18,4.68,2.59,4.69,4.86,6.56,3.37,1.14,1.65,2.05,0.77,2.79,2.29,1.73,1.47,0.56,0.51,0.69,1.17,1.35,-1.07,-0.07,-1.59,-1.04,-0.21,-1.09,-1.67,0.54,-0.36,-0.08,0.66,1.15,-0.34,-0.98,0.08,-1.03,0.72,0.9,0
-2.35,-1.52,0.1,-1.14,-0.5,-0.12,0.95,1.9,1.99,2.22,2.86,4.32,4.68,3.71,4.83,1.9,3.51,1.64,0.37,-0.36,0.67,-1.31,-0.38,-0.32,0.45,-1.84,1.18,1.14,-0.87,-0.05,1.68,1.1,-0.69,0.51,0.28,-0.85,0.35,-0.29,0.24,-0.19,1
-1.11,-1.44,0.3,-0.3,1.43,0.23,1.92,3.58,3.97,4.45,5.43,3.84,3.33,3.28,2.47,2.66,0.47,0.64,1.59,1.96,1.42,-1.02,-1.74,0.18,0.03,-0.23,0.66,-0.59,-2,0.14,-0.34,1.73,-0.1,0.81,0.18,0.04,0.31,-0.59,0.09,-0.51,1
-0.47,0.74,2.26,4.62,2.61,3.23,5.63,3.97,3.57,3.57,2.4,0.84,-0.03,0.83,1.14,0.82,1.16,0.77,0.27,-0.75,-0.53,0.47,0.17,0.38,-1.23,1.92,1.11,-1.09,0.83,2.55,-1.02,-1.76,-1.46,0.51,0.07,1.23,0.84,-1.5,-0.04,-0.07,0
-1.34,0.95,-0.5,-0.46,-0.28,0.9,0.63,4.16,3.71,4.72,4.92,6.24,4.61,3.26,1.89,2.58,1.3,1.36,-0.06,-0.56,-0.01,-0.92,1.39,0,-1.23,0.19,-0.16,0.14,-0.76,0.02,-0.09,0.54,-1.36,0.09,-0.92,0.15,-0.57,-0.22,-0.53,-0.79,1
0.57,2.75,2.65,0.18,1.81,3.48,0.82,2.69,4.21,4.58,4.56,4.28,3.41,1.28,2.47,0.21,-1.04,-0.19,1.32,-0.78,1.11,1.18,-0.08,0.59,0.25,-1.63,0.94,-1.69,0.29,0.99,1.01,0.04,-0.53,-1.94,0.88,-1.87,-0.48,-1.25,1.08,0.83,0
-1.76,0.83,0.17,0.56,1.11,-1.57,1.16,0.43,1.58,2.1,2.11,2.93,4.98,2.66,3.96,3.24,2.87,4.12,-0.4,0.65,0.35,0.51,-0.92,0.85,-0.6,0.46,0.86,0.1,-0.57,-0.35,-1.09,-0.1,0.61,0.45,0.19,-1.14,-1.18,-0.07,1,1.89,1
-0.75,-0.62,-1.39,-0.04,-0.62,1.12,1.52,2.69,2.93,4.02,4.14,5.86,5.13,5.1,4.31,1.05,-1.69,-0.32,-1.11,2.34,0.15,0.6,-0.08,-1.98,-0.03,0.57,-0.01,1.42,-1.16,-0.09,0.82,0.46,0.65,-0.18,1.08,1.44,0.6,1.02,-0.53,-1.39,1
-0.18,0.93,-0.18,-0.78,-1.01,-0.05,0.88,0.3,-0.74,1.21,1.21,3.55,3.07,5.75,4.56,4.13,4.36,2.89,3.69,1.41,1.26,-0.44,0.53,0.96,-0.75,0.2,0.11,0.66,1.57,0.35,-1.67,2.29,0.06,0.85,0.37,0.92,0.71,-0.17,0.16,-1.08,1
0.8,-1.26,-1.14,-0.94,-0.19,0.88,-0.22,0.08,0.09,2.43,2.17,5.16,5.76,3.24,2.96,3.27,1.99,1.72,1.21,0.04,1.04,0.53,-1.58,2.34,0.39,0.28,0.55,-1.08,0.73,0.77,-0.6,-0.25,0.99,1.49,-1.38,1.24,-1.59,-2.04,-0.04,1.02,1
-0.09,-0.25,0.78,1.29,0.47,2.18,1.25,0.83,1.51,2.8,1.18,3.86,1.9,4.56,5.37,4.48,2.19,2.68,-0.03,0.98,-1.94,0.35,0.81,0.31,0.87,-1.11,-0.75,-0.37,0.2,0.56,-0.29,0.02,-0.34,1.85,-1.48,0.91,-0.7,1.05,-0.83,0.55,0
1.56,-0.32,1.4,0.19,-0.81,1.55,-0.76,1.2,1.32,1.01,2.13,1.75,3.63,5.03,7.91,4.65,1.91,2.96,1.93,1.38,-2.03,-1.6,0.91,-1.33,-0.44,-0.44,0.05,0.29,0.07,2.07,1.6,0.39,1.04,-1.53,-0.73,-1.85,1.44,-3.06,0.01,-0.25,0
-0.66,0.99,1.09,1.01,3.54,2.78,2.49,2.76,5.23,5.05,4.1,3.74,4.08,2.52,1.44,0.94,1.42,0.04,-0.73,-0.7,-0.14,-0.09,-0.14,0.7,-1.27,0.33,-0.21,2.08,-0.59,0.12,0.82,-0.41,0.31,0.85,0.1,-0.64,-1.13,-0.41,-1.93,0.51,1
-0.77,-1.26,0.11,-0.75,-0.17,0.81,2.65,2.78,0.21,0.1,0.91,2.14,0.46,3.58,5.29,3.83,1.21,1.57,1.32,-0.52,-0.09,0.12,0.1,-1.62,0.12,1.39,-1.44,-0.29,-2.5,0.1,0.16,2.58,-0.36,-1.8,-0.61,0.34,0.72,0.25,-0.03,1,0
0.38,1.4,1.58,1.12,0.65,4.36,4.39,1.86,3,2.8,0.34,2.07,-0.21,0.18,1.14,0.87,0.52,2.41,0.55,1.81,0.63,-0.21,0.73,2.2,0.56,0.86,-0.83,1.33,-0.48,0.71,2.76,0.75,1.83,-1.53,0.03,-2.02,-0.71,1.16,-1.42,0.79,0
-1.85,2.99,2.52,3.65,2.6,5.26,6.2,6.36,4.59,3.1,1.25,2.29,1.7,0.63,0.67,-2.47,0.63,-0.79,-0.1,-0.35,-2.15,0.23,-0.49,0.15,0.77,-0.2,-1.51,0.2,-0.3,1.26,0.87,0.28,0.38,-1.02,-1.58,-0.32,0.96,0.43,-0.33,1.02,0
-0.12,0.11,-0.31,-0.48,-0.66,-0.68,-0.33,0.27,-0.57,1.47,2.07,3.85,3.33,6.93,6.35,4.1,3.8,3.39,0.96,0.08,0.02,-1.12,-1.6,0.59,1.96,2.15,1.15,0.43,-1.26,-0.67,-0.88,1.69,-1.64,-0.47,-0.83,-0.92,-0.76,0.58,-0.85,-0.17,1
-1.52,0.99,-1.15,0.5,-1.26,0.4,2.29,0.53,0.75,3.48,5.11,5.06,4.39,4.41,3.79,2.38,2.54,1.54,-0.01,1.04,1.54,-2.76,-0.38,-1.09,0.81,-1.71,0.54,-0.94,0.57,-1.1,-0.6,0.68,1.1,0.52,-0.73,0.72,1.16,-1.22,-0.06,0.77,1
0.63,1.38,1.99,4.15,2.18,3.17,4.92,3.76,3.18,2.63,0.81,1.62,-0.43,-0.8,0.82,2.65,0.2,0.63,0.85,-2.67,-1.38,0.05,-0.63,-0.42,-0.45,0.4,-0.52,0.92,-2.27,0.13,-0.46,0.78,0.65,1.05,-0.16,0.78,-0.04,0.22,-0.87,0.86,0
-0.22,-0.77,0.27,-0.73,-1.05,0.62,2.94,0.99,2.51,5.44,4.3,4.16,3.31,1.69,2.83,2.05,2.23,0.66,-0.9,0.9,-0.57,1.28,0.12,0.3,0.04,-2,0.95,-1.02,-0.44,0.34,-0.89,1.54,-0.59,-1.28,-0.24,0.01,-0.88,-1.55,0.16,1.45,1
0.3,1.12,-1.29,-1.53,0.69,2.25,-0.26,2,0.68,1.42,3.27,5.41,2.15,4.22,5.38,5.61,2.09,2.47,1.25,2.5,-0.26,0.45,-0.15,1.61,0.02,0.41,-0.08,1.16,1.21,1.75,0.03,-0.24,-0.28,-0.82,0.02,0.02,-0.24,-0.68,1.32,-0.39,1
1.65,-1.76,0.78,0.78,-0.24,0.63,0.6,2.23,0.59,5.06,1.39,2.76,3.99,3.34,3.26,2.9,3.75,1.37,1.64,0.39,-0.41,0.61,-0.85,-0.39,1.82,0.8,1.5,0.13,-0.14,0.29,-1.21,1.06,-0.17,1.06,0.76,0.32,0.01,0.62,-1.4,-0.34,1
0.47,0.51,0.43,-0.47,2.68,0.56,1.46,3.01,3.17,3.05,1.2,4.09,4.13,8.04,4.59,2.91,2.72,2.77,0.78,1.8,1.54,-0.46,-1.15,-0.55,1.01,-0.56,0.05,0.3,0.33,0.49,0.63,0.19,-0.02,-1.14,0.9,-0.97,-0.48,0.1,0.13,-1.22,1
1.04,1.25,1.61,1.1,0.84,1.9,3.42,4.24,1.23,0.83,0.17,3.93,1.54,3.13,3.02,2.89,2.11,1.35,0.16,-0.01,0.33,0.51,-0.39,1.21,-0.96,0.98,-0.96,0.99,2.56,-0.54,-0.96,0.6,0.93,0.55,-0.86,1.13,1.25,0.28,1,0.98,0
0.25,0.65,0.63,1.06,-0.73,0.16,0.47,1.6,2.24,3.19,2.99,3.79,2.97,4.42,4.98,5.45,3.89,2.54,1.49,-1.52,-1.64,-0.67,1.55,0.67,-0.77,0.73,-0.97,-1.14,0.25,-0.53,0.54,0.09,1.12,-0.04,-0.19,0.59,-0.13,0.71,1.55,-2.04,1
0.73,2.01,3.09,0.72,2.11,3.58,4.3,2.96,3.03,3,2.58,2.32,1.34,1.88,1.88,1.59,-1.15,-1.01,1.12,-1.81,-0.54,-1.54,-0.88,1.89,-0.92,-0.48,-0.21,-0.33,-0.06,-0.42,0.76,-0.89,1,0.01,0.44,-0.36,0.17,0.26,0.08,0.09,1
1.16,-0.16,-0.81,-0.27,0.14,0.59,0.93,2.07,1.99,1.65,4.67,2.34,3.13,5.1,4.89,2.05,2.34,1.92,0.14,-0.29,0.04,-1.09,-0.4,-1.52,-1.57,1.5,-0.35,1.88,-0.72,-0.08,-0.33,-1.71,-0.17,0.15,-0.3,-0.44,-0.05,-1.44,-0.25,-0.26,1
2.4,0.99,0.39,0.35,0.53,0.63,2.01,1.69,-0.3,3.14,2.92,2.46,6.04,3.25,4.61,3.5,3.66,4.56,1.99,0.81,-0.48,-0.49,-0.15,-0.29,0.26,-0.62,0.7,0.9,1.07,1.74,-0.94,-0.15,1.1,-0.34,0.86,0.34,-1.08,1.2,-0.17,-1.3,1
0.21,0.67,-0.97,-0.9,-0.1,0.61,2.49,2.64,2.48,2.78,4.9,4.53,4.54,3.64,3.95,3.19,1.07,0.34,0.11,1.94,-1.39,1.49,-0.24,0.12,-0.38,0.91,1.53,0.77,-1.52,-2.94,-0.99,-0.1,-0.02,-0.37,-0.24,1.02,-0.13,-0.53,0.14,1.12,1
-0.03,1.11,2.1,0.79,2.78,5.36,2.22,2.23,1.09,2.25,2.87,0.89,2,2.23,2.98,1.78,1.85,1.12,1.24,0.58,-1.05,-1.18,1.18,1.07,0.24,-0.97,-0.22,-0.22,-0.79,-1.48,-0.3,-0.02,1.21,-1.25,2.06,-0.25,-1.1,-0.8,-0.99,-0.4,0
0.59,0.68,1.17,1.48,4.56,3.93,5.08,4.18,4.08,3.24,2.04,1.72,0.71,-0.17,2.17,1.8,-1.15,-0.21,2.07,0.09,0.2,-0.54,0.57,-1.65,-2.25,0.14,1.33,0.94,0.1,0.41,0.89,-0.86,2.12,-0.25,0.58,-0.37,0.67,1.6,0.46,0.24,0
-1.41,2.07,1.38,1.16,0.65,2.36,-0.43,0.74,2.24,0.66,1.86,2.88,2.25,0.94,4.15,3.84,2.13,0.6,1.25,-1.03,0.49,1.72,1.02,-0.36,-1.34,-1.06,-0.35,-0.31,-1.43,0.71,1.25,-0.91,0.03,-0.25,-1.31,1.21,-2.28,-0.04,-0.84,0.53,0
1.48,0.3,-0.32,2.43,0.71,4.29,1.91,4.82,5.32,4.2,4.06,3.71,1.49,1.42,0.21,1.04,-0.03,1.31,-2,2.17,0.11,0.67,0.44,1.89,0.69,-0.91,-0.23,1.55,0.59,-1.8,0.34,0.34,1.19,0.94,0.43,-0.98,-0.94,-0.41,0.82,-0.52,0
-1.17,1.8,1.86,2.26,4.55,5.31,5.73,5.96,4.05,4.63,2.5,0.23,1.18,-2.39,0.2,-1.56,0.36,0.89,-0.67,-0.19,-0.11,-1.13,-1.46,0.66,-0.45,-1.67,0.33,-0.65,-0.75,-2,1.09,-1.71,-0.32,0.06,0.96,1.32,0.38,0.03,0.39,-2.28,1
0.41,-0.22,-1.91,1.79,-0.72,0.55,0.19,0.88,1.62,1.87,3.6,1.57,3.99,2.19,3.85,4.14,0.69,4.07,0.3,-0.19,-0.68,0.85,1.35,-0.49,0.78,0.46,-0.71,-0.98,0.23,0.71,0.19,1.46,-0.44,-1.14,0.91,0.16,-0.47,-0.25,-0.66,0.53,1
0.28,0.71,1.36,-1.58,-1.61,-0.07,-0.21,0.55,1.71,3.25,2.33,4.16,3.84,4.48,4.97,4.79,1.97,2.75,0.25,-0.15,0.46,-1.21,-0.32,0.27,0.14,0.41,-0.02,-0.35,1.13,-0.42,0.07,-0.21,0.02,-0.95,-0.71,-1.85,0.21,-0.78,-0.76,1.67,1
2.05,1.39,1.54,1.68,2.34,1.71,3.9,4.28,5.8,2.05,3.59,1.65,-0.63,0.01,0.71,0.18,-0.17,-1.28,-2.15,-1.61,1.02,1.38,0.1,0.41,0.14,-2.25,0.23,0.42,-1.06,0.01,-0.33,-0.09,0.68,-0.39,2.04,1.23,2.34,-0.8,0.92,0.9,0
-0.63,1.12,0.76,1.11,1.45,2.33,2.6,6.06,2.94,4.73,2.96,3.36,2.11,1.4,1.18,-1.4,-1.3,0.44,-0.73,-0.47,-0.42,-0.12,-0.43,-0.43,-0.14,1.13,-0.53,-0.11,0.32,0.53,0.16,0.22,-1.55,0.59,0.72,0.02,-0.23,-0.25,0.07,-0.06,1
-0.54,0.32,-0.03,-2.31,-0.5,1.67,0.26,0.55,-0.08,3.68,3.26,3.04,3.83,5.29,5.64,4.66,3.04,0.72,0.97,-0.2,-0.15,-0.46,-2.31,-0.92,-0.76,0.11,-0.24,-0.93,0.12,-0.35,0.42,2.28,0.55,0.62,0.77,1.34,0.59,-0.27,-1.23,1.45,1
-1.03,0.8,0.41,4.05,2.88,4.62,5.19,3.21,2.39,1.85,0.74,1.52,2.03,1.51,0.29,1.68,1.98,0.39,0.42,-1.23,-1.14,0.13,-0.81,0.1,-0.85,0.03,0.77,0.25,-0.02,1.07,-0.98,-0.51,-1.01,-0.27,-0.31,-0.62,0.65,0.28,-0.03,-0.26,0
-0.73,0.12,-0.18,0.28,-0.43,2.16,0.59,-0.79,-0.04,-0.85,1.02,2.91,6.03,4.4,6.11,2.88,3.93,1.95,1.15,1.83,-0.35,-0.12,0.75,1.04,-1.37,0.84,0.09,-0.16,-0.02,0.25,-1.26,-0.05,-1.23,1.05,-1.89,-0.5,0.46,-1.82,1.49,1.5,0
-0.25,1.06,-0.67,2.11,2.42,2.5,3.04,3.33,1.35,0.47,1.6,2.7,2.7,2.4,3,1.33,1.48,1.64,0.22,1.55,0.15,-0.1,1.28,-0.8,-0.72,-0.62,1.16,-1.27,-0.65,-0.26,-1.6,1.81,-0.53,-0.69,0.48,0.26,0.36,-0.43,-1.16,1.69,0
1.45,0.48,2.08,1.82,1.84,3.4,6.45,5.09,1.73,3.07,3.68,2.17,1.37,0.17,-0.94,-1.16,-1.11,-0.31,0.84,1.77,-0.79,-2.13,0.32,1.05,0.61,-0.66,0.63,1.13,-0.96,-0.5,0.49,1.17,0.04,1.95,0.74,0.71,-0.78,-1.03,0.43,0.56,1
-1.52,-0.6,1.44,0.98,1.27,3.88,0.67,0.01,2.1,2.28,3.12,0.47,0.77,2.17,2.47,3.66,1.94,0.5,0.25,1.71,0.82,0.8,-2.32,0.75,1.13,-0.36,0.71,0.75,-0.95,-1.28,1.43,-0.85,-0.84,-1.58,-0.14,-1.35,-0.21,-1.87,-0.4,1.18,0
0.17,1.18,0.07,-0.01,-0.31,0.4,-1.11,0.89,-1.17,2.1,1.39,3.05,3.4,6.57,5.07,6.01,4.8,4.1,1.81,0.44,-1.41,-0.72,0.16,1,0.33,-0.21,-0.63,-0.47,-1.75,0.77,0.61,0.88,-1.5,-0.1,0.76,-1.92,-0.25,-0.81,0.63,0.25,1
0.32,-0.17,0.32,-1.06,2.17,1.34,1.45,3.2,3.09,6.16,4.79,4.5,5.22,1.86,1.78,-1.66,0.45,0.63,1.31,-0.56,0.23,0.04,0.81,-1.66,0.38,0.01,0.21,1.47,0.08,-0.03,-0.14,1.51,0.31,-0.47,0.41,-0.34,-0.75,-1.39,1.67,-1.55,1
0.24,-0.73,2.27,-0.68,1.75,1.58,0.05,0.86,1.23,1.08,2.67,2.75,5.68,6.08,4.91,2.4,3.75,2.6,0.45,0.57,0.78,0.34,-0.27,0.44,1.67,0.7,-0.01,0.46,-0.06,-0.05,-2.13,0.89,-0.18,0.68,0.54,-0.17,0.61,-0.46,-0.87,-0.99,1
-0.78,-1.76,-0.51,0.31,0.01,0.01,1.58,1.24,1.96,3.98,3.5,3.38,4.79,5.35,5.17,1.53,0.2,0.32,2.29,0.94,0.53,-1.24,0.72,-0.88,-0.83,-1.76,-0.35,-0.04,-2.2,0.48,-1.52,0.36,-0.64,0.76,0.3,1.48,-1.56,1.93,1.37,-0.49,1
-0.58,1.72,-1.05,2.32,0.11,1.97,2.85,2.23,3.91,3.69,4.23,4.5,3.1,2.07,0.96,1.71,0.08,0.53,-0.49,-1.04,1.81,0.8,-0.15,-0.53,-0.44,-0.18,-0.08,0.23,0.58,0.3,-0.6,0.14,-0.64,0.05,0.21,-0.55,-0.08,1.1,-1.31,0.43,0
0.56,1.6,4.09,3.17,4.35,4.42,3.47,4.92,2.32,3.42,2.07,0.83,-0.31,0.66,-0.22,2.33,1.52,2.44,0.51,1.09,1.71,0,-1.54,-0.6,0.22,-0.29,-0.37,1.11,-1.49,1.24,-0.79,0.47,-2.31,1.51,-0.52,1.73,-1.12,1.04,0.46,-0.76,0
0.9,1.66,-2.47,-0.1,0.45,-0.35,2.43,0.5,2.32,3.21,3.56,2.88,2.93,5.06,4.88,2.48,1.38,0.72,-0.36,0.32,0.65,-0.05,-2.17,-0.97,0.34,-0.57,-1.25,0,1.35,-0.46,-0.27,0.69,0.85,-1.62,-0.32,-2.15,0.16,-0.28,0.91,1.08,1
-0.11,-1.51,0.15,0.4,2.21,2.27,4.28,3.33,2.8,4.2,4.62,2.08,2.48,1.27,1.49,2.12,-0.25,0.26,-0.31,1.41,-0.1,0.3,-0.28,-0.45,1.19,-1.4,-1.39,-0.94,-1.32,1.41,-1.13,0.76,1.36,1.62,-1.85,1.43,-0.85,-0.45,-0.76,0.51,1
-0.45,0.29,-0.52,-0.71,1.57,2.06,0.35,2.15,3.55,4.31,5.65,3.26,2.45,3.86,0.93,-0.42,-0.87,0.92,0.9,-0.06,0.94,0.5,1.25,-0.54,2.26,-1.95,-0.63,0.43,-0.66,1.37,0.56,-0.25,-0.99,0.07,-1.46,-0.11,-0.34,-1.53,0.47,-0.89,0
-3.54,1.27,1.28,2.72,3.7,4.71,4.18,6.02,3.33,2.67,2.27,0.16,-0.08,-0.34,1.42,-1.64,1.18,0.61,-1.74,1.41,0.93,-0.87,-0.23,-0.12,-0.84,0.36,-0.65,0.93,-0.91,-0.6,-0.97,-0.48,0.09,-1.32,0.45,-1.32,2.04,0.63,0.98,-1.13,0
-0.23,-0.16,0.56,0.03,-0.22,-0.45,0.22,1.97,-0.84,1.71,2.19,3.33,2.33,5,3.68,6.18,2.61,2.18,2.62,2.06,-0.66,0.8,1.34,0.16,1.04,0.43,-0.51,-1.09,-0.39,0.78,1.84,2.04,-0.64,0.54,1.62,1.77,0.69,0.13,0.48,0.7,1
-1.13,2.45,1.48,1.54,4.37,3.69,4.95,3.6,3.4,1.67,1.2,2.45,2.41,2.88,1.31,0.63,1.07,-1.07,1.34,-0.1,0.24,-1.66,-0.83,1.61,0.45,2.77,0.38,-0.78,0.79,0.7,0.61,-0.76,0.03,-1.06,1.09,0.17,1.39,0.87,-0.44,-0.37,0
-0.04,0.96,1.33,3.53,2.93,5.82,3.52,3.75,4.12,1.73,4.33,3.75,2.07,1.43,-1.29,0.31,-1.79,0.01,0.64,0.32,-0.98,-0.01,-0.54,0.22,0.59,-0.8,-0.71,-1.21,-1.05,0.3,-1.03,-0.14,2.24,-0.7,-0.58,-0.15,0.28,-0.99,1.08,0.12,1
0.29,-0.38,-0.12,2.48,0.1,1.12,1.65,1.92,2.24,2.74,2.22,1.38,3.24,5.58,4.07,2.38,3.95,1.53,2.53,1.01,1.51,-1.44,0.15,-0.42,0.38,0.11,-0.03,1.25,-0.22,-0.15,1.19,1.02,-1.11,0.22,-0.11,1.43,0.35,-1.86,1.01,-0.15,0
-1.57,0.17,2.02,3.15,2.67,2.5,5.22,4.17,3.71,2.24,2.01,1.71,-0.41,1.63,0.92,0.79,1.03,-0.44,0.75,0.07,-0.39,-0.35,1.56,-0.25,0.29,0.88,3.19,0.34,-0.25,-0.13,1.03,0.2,-0.01,0.08,-0.01,0.9,-1.74,0.19,0.49,0.51,0
0.41,-0.41,-0.22,-0.15,-0.13,1.3,-0.86,1.19,-2.17,1.74,2.1,4.04,5.1,5.41,4.8,4.11,4.4,4.41,-0.22,-0.08,0.87,0.38,-0.92,-2,0.07,1.14,2.49,-0.51,1.23,1.12,0.02,0.5,1.03,-0.38,1.22,-0.61,-1.1,-0.21,-0.78,-0.55,0
-0.28,-1.3,0.86,-0.62,1.91,1.96,1.14,1.98,3.57,4.9,6.57,5.27,3.83,1.89,1.56,2.47,0.25,0.58,-1.12,-0.29,0.95,0.19,-1.36,-2.94,0.12,0.49,-0.43,-2.12,1.63,-0.46,-1.43,0.19,-1.28,-1.11,-0.09,1.27,0.58,0.89,-0.56,2.02,1
0.19,1.02,2.56,3.55,1.85,5.16,4.75,4.41,4.27,2.97,1.62,1.52,-0.32,-0.12,2.5,0.39,0.82,0.24,-0.28,1.5,-1.28,0.2,-1.11,1.25,0.44,1.23,-0.62,-0.16,0.58,-0.52,0.98,-0.56,-0.29,-2.54,0.18,-0.16,-2.28,-1.84,-1.07,0.07,0
0.27,-0.11,1.47,2.49,1.37,4.06,4.19,3.57,5,4.63,5.09,3.35,3.66,3.65,0.74,-0.11,0.41,-0.75,0,-0.34,1.34,-0.44,-0.77,-0.44,1.8,-0.21,-0.28,-0.9,-1.19,2.4,0.27,0.12,-1.58,-1.92,0.5,-0.48,-0.24,-0.37,-1.93,-2.08,1
1.83,0.79,1.97,2.69,1.34,3.26,5.11,4.82,2.82,3.44,2.79,2.94,1.49,1.27,2.16,-1.22,1.37,0.58,-0.09,-0.98,-0.89,0.01,-1.43,-0.88,-1.42,-2.13,-0.27,-0.4,-1.19,-1.02,-0.13,0.51,-0.24,1.2,1.14,-1.85,-0.11,-1.02,0.2,0.21,0
0.65,-0.12,-0.75,-0.91,0.34,0.48,2.47,3.7,5.56,6.39,5.8,5.7,4.98,1.33,2.41,2.14,0.94,0.53,-1.22,-0.45,-0.33,-0.99,0.21,-0.61,0.44,-0.61,0.35,0.29,-0.17,-0.77,-0.52,-0.31,0.62,1.21,0.8,0.27,-1.28,-1.62,-0.51,0.8,1
-0.19,0.52,3.06,2.82,3.78,5.21,4.42,6.14,4.95,1.81,3.66,1.01,-0.22,-0.85,0,-0.74,0.87,-0.9,0.34,-0.08,-0.68,0.86,-0.78,0.42,0.33,-2.47,1.55,-1.56,0.07,1.55,-1.07,-1.09,1.14,0.65,-0.21,1.31,-1.5,-0.84,0.95,-2.08,0
-0.9,0.22,-1.38,-0.57,0.99,0.3,-1.16,-1.63,0.48,1.17,1.29,2.61,3.52,4.67,6.96,4.16,2.3,3.15,2.65,2.53,0.5,-1.84,-0.19,1.56,0.97,0,-0.6,0.2,-2.11,0.24,-1.09,1.23,0.31,0.01,0.29,-0.13,-0.46,0.68,-1.07,-1.38,0
0.38,0.2,-0.89,-1.05,-1.79,0.36,1.4,0.86,0.76,3.56,2.31,4.46,4.19,3.76,5.77,2.44,3.49,1.72,1.84,-0.2,-0.84,-0.42,-0.22,1.13,1.02,-0.81,-0.91,-1.36,-0.5,1.84,-0.08,-0.73,0.73,-0.52,0.59,1.29,0.41,0.71,-1.25,-2.01,1
0.26,1.55,-0.84,-0.53,0.38,2.66,4.29,4.14,3.47,2.78,4.2,4.72,3.09,3.47,1.35,2.96,1.3,-0.59,-1.52,1.43,-0.4,0.33,2.76,-1.32,-0.25,-0.67,-0.03,-0.8,-0.74,-0.49,1.7,1.36,-0.07,0.8,-1.23,1.85,-0.71,-0.29,0.77,0.46,1
0.38,0.19,0.84,3.24,2.09,4,5.16,4.91,2.79,3.28,2.45,1.54,0.69,0.52,-0.64,-0.27,2.78,-2.49,1.46,0.36,-1.52,1.27,-2.08,1.23,-0.62,-0.03,0.25,0.37,0.19,-0.81,-0.44,0.54,-0.13,-0.53,-0.33,-0.24,1.66,-1.7,-0.59,2.23,0
1.74,-0.69,2.88,2.97,5.01,2.86,4.92,4.11,3.11,1.29,1.84,0.9,-0.22,1.03,1.54,0.76,-0.33,0.19,0.91,1.33,-1.42,0.57,-0.79,-0.17,1.44,0.93,2.86,0.46,-0.48,-0.23,1.49,0.06,-0.03,0.56,-0.53,-1.31,1.1,-0.52,-0.31,0.72,0
-0.84,-0.15,3.67,0.52,0.57,1.32,0.61,0.15,0.64,-0.34,1.94,3.19,4.65,4.45,4.21,4.51,4,3.6,2.53,-0.83,1.53,-1.13,0.41,0.68,-0.79,-0.58,-2.36,-1.68,1.67,-0.43,3.12,-1.12,-0.88,1.44,-0.69,1.43,-0.79,0.27,-0.77,0.27,0
-1.09,0.93,-0.74,0.73,1.45,2.65,2.27,1.7,0.31,0.85,0.26,2.48,3.15,3.69,5.66,2.13,3.72,2.77,1.15,0.04,-0.12,-1.45,-0.29,-2.18,-0.55,-0.75,-0.68,-1.78,0.45,0.36,-1.6,-1.51,1.06,1.53,-2.53,-0.07,-1.34,-0.07,0.68,1.34,0
-0.48,2.02,1.47,-0.25,1.08,2.31,-1,1.03,3.4,3.73,4.9,3.52,3.1,3.47,3.02,1.96,0.14,0.4,1.12,1.22,-1.82,0.9,1.04,0,1.94,0.52,-2.12,1.38,-0.99,-0.11,-1.53,-2.84,0.38,0.85,-0.04,1.33,0.46,1.03,-1.21,-0.36,1
-0.98,0.5,1.01,1.78,3.78,3.89,5.03,5.55,3.58,3.08,1.16,2.69,0.15,0.25,0.44,1.45,-0.43,1.07,-0.74,-0.06,-1.15,-1.15,-2.33,1.07,0.05,-0.16,-0.35,2.7,0.83,2.05,0.4,0.16,-1.24,-0.22,-0.18,-0.73,-0.94,0.16,-1.34,1.06,0
-1.13,2.61,0.49,0.44,3.79,3.21,7.08,4.43,3.89,5.01,4.03,2.99,0.87,-0.59,0.63,1.46,-0.58,-0.17,1.35,1,-0.02,-0.31,1.21,-0.19,0.97,-2.42,-0.17,0.16,1.44,-0.91,0.52,0.04,-0.3,0.82,-0.78,0.46,2.03,-0.52,1.15,-1.3,1
-1.13,1.13,0.9,-1.17,1.38,1.67,0.78,1.88,0.29,2.48,0.9,3.09,2.62,2.22,4.32,4.91,2.88,3.96,-0.31,-0.99,0.77,1.11,-1.59,0.05,0.62,-0.23,0.4,0.63,1.37,-1.27,-0.25,-1.14,0.18,1.22,0.41,0.05,-1.46,-0.1,0.74,-0.06,0
-1.52,-0.33,-0.41,-1.07,1.07,-0.14,1.67,0.54,0.93,1.29,2.49,3.74,0.85,6.06,4.45,5.32,2.55,3.15,2.6,2.85,0.16,1.7,0.43,-1.49,0.4,1.7,0.49,-0.49,1.45,0.02,-1.1,0.14,0.79,0.68,-0.11,0.96,-0.68,-0.37,-0.17,0.36,1
0.72,-1.15,-1.04,2.45,0.53,0.83,1.58,4.09,3.64,5.58,5.48,3.7,3.18,4.16,2.78,-0.68,-1.49,-0.12,0.84,-0.47,1.16,0.63,0.15,-0.52,-0.09,-2.01,-0.86,-1.33,0.7,0.95,-1.57,0.47,-0.54,-0.28,0.29,0.51,1.44,-0.71,-0.44,0.33,1
0.9,1.62,-0.32,0.24,2.08,2.32,3.45,3.53,2.71,2.95,2.82,2.26,1.66,4.23,3.18,4.03,2.83,1.7,0.31,0.35,-0.59,-1.55,0.08,-0.74,-0.5,0.07,1.22,0.98,0.91,-1.67,2.23,1.12,-1.21,-0.27,0.93,-1.11,0.4,-0.59,0.32,2.04,0
0.78,0.85,2.14,1.44,2.43,3.77,3.97,3.42,6.41,3.11,4.13,2.4,1.86,0.91,1.27,0.78,-0.01,-0.62,-1.72,1.73,-0.66,-0.89,-0.5,-0.43,-1.46,-1.55,0.43,-0.89,-1.66,1.08,1.46,-0.32,-0.6,0.12,-0.04,0.06,-0.83,0.27,0.02,0.71,0
0.76,-0.03,-0.03,0.07,-1.39,1.68,-0.91,2,1.12,3.21,3.54,3.78,5.98,3.63,2.44,4.05,1.66,4.07,0.51,1.73,-0.34,-0.83,0.18,-0.1,-0.14,-1.42,-0.92,0.21,2.15,-0.48,-0.57,1.41,1.09,-0.4,-0.51,1.63,-1.39,-1.48,0.25,-1.11,1
-2.75,1.26,0.13,1.6,1.42,3.48,2.87,2.42,1.71,3.13,1.55,1.35,2.96,1.65,3.19,2.39,2.88,-0.18,0.02,0.61,-0.21,0.76,0.72,-0.26,0.3,0.01,-1.59,0.39,0.67,-0.02,0.43,-0.63,1.19,0.09,0.55,-0.68,0.15,-0.27,0.34,-0.32,0
0.55,-0.14,-0.36,1.25,2.02,1.54,0.32,3.89,3.71,3.47,5.93,6.18,3.87,2.65,0.74,0.87,0.36,0.82,1.03,0.19,0.33,-1.48,-0.2,0.92,-0.06,-0.52,-1.07,1.37,1.27,-0.26,1.85,0.33,-0.7,0.56,0.85,0.18,-0.55,-0.24,0.93,0.54,0
-0.01,-0.94,2.94,1.13,0.54,0.83,5.16,3.61,2.62,3.11,4.9,3.08,1.62,3.14,-0.18,-0.62,-0.29,-0.78,-0.34,0.74,1.21,-2,0.49,2.08,-0.29,-1.7,0.95,0.64,0.66,-0.23,-0.55,-0.28,0.75,-1.05,-1.61,-1.58,0.85,0.47,0.81,0.02,0
0.15,1.01,-0.18,0.68,1.61,1.83,1.66,2.22,2.9,2.8,1.62,2.96,3.07,3.33,4.33,2.98,1.65,1.66,0.45,1.83,2.44,-0.71,0.62,-0.16,0.05,0.92,0.23,0.18,-0.71,-1.07,0.95,-0.44,-0.09,-1.66,-1.13,0.7,-0.12,-1.96,-0.86,0.4,0
-0.76,-0.39,1.06,-0.83,-1.63,0.35,-2.66,0.18,2.14,0.1,2.41,5.11,2.91,3.75,5.28,5.13,3.61,3.48,2.47,2.58,1.45,0.39,1.22,-0.21,0.59,-0.11,0.13,-0.08,-0.57,0.92,-0.02,-1.64,-0.08,0.96,0.06,-0.76,0.1,-0.62,0.55,0.64,0
-1.75,1.35,2.03,2.47,3.77,4.09,3.59,3.5,2.37,2.83,2.39,0.44,0.66,1.38,-0.05,-1.86,-0.56,0.63,1.3,1.48,-2.58,2.75,1.08,0.46,0.35,0.17,-1.27,2.54,-2.72,-0.58,-1.45,-0.13,-0.48,-0.98,1.35,-0.84,1.82,0.81,0.78,0,1
1.71,1.38,1.25,-1.74,-0.04,1.65,1.64,3.4,4.84,5.43,4.81,3.75,2.1,4.16,2.03,-0.94,0.13,-0.45,-0.25,-0.89,0.37,-1.03,0.69,0.7,-0.22,-1.85,0.39,-0.49,-0.88,-1.87,-1.76,-0.37,-0.71,-0.87,1.16,1.22,-0.1,0.55,0.62,2.71,0
1.4,-1.07,0.82,3.41,1.97,3.4,3.23,4.72,2.58,3.03,1.61,0.16,0.78,2.61,0.22,1.14,0.25,1.35,1.87,1.78,-1.06,0.09,-0.08,-0.47,0.23,-0.81,-1.91,-0.15,-2.33,-0.88,1.33,-0.38,1.1,0,-0.34,2.07,1.57,0.47,-1.43,1.06,0
0.55,-0.81,0.74,3.2,2.67,1.87,2.1,0.05,1.4,1.25,1.97,1.89,1.54,2.43,3.79,2.5,1.1,0.83,0.88,-0.35,1.88,0.5,0.93,-0.05,-0.12,-1.99,-1.55,-1.48,-1.15,1.54,-0.87,-0.3,0.48,1.24,0.07,1.8,-0.27,-0.74,-0.8,1.39,0
-0.03,3.16,1.49,3.62,1.94,2.47,3.56,4.72,2.89,3.04,3.12,1.33,1.13,1.37,2.17,0.4,0.74,0.44,0.52,-1.54,0.42,-0.66,-0.56,-2.69,0.49,-1.27,1.05,1.22,-1.49,-0.57,1.16,0.35,1.11,0.86,2.57,0.72,-2.62,-0.36,0.68,0.65,0
-0.1,-0.26,1.92,3.92,2.09,4.06,6.5,5.55,4.11,4.8,1.66,1.66,0.72,-0.96,-0.59,1.42,-0.77,0.52,-1.11,-0.99,-1.32,-2.67,-1.76,1.06,0.49,0.36,1.1,-1.58,-0.17,0.02,-0.65,0.24,-2.03,1.22,-0.66,0.8,0,-0.92,0.71,0.51,1
-0.15,0.89,-0.84,-0.43,0.04,-0.44,2.91,0.76,1.44,2.14,3.67,2.5,1.81,4.96,4.41,2.76,3.48,1.34,1.35,1.17,-0.13,-0.26,1.25,-1.48,-0.04,1.16,1.41,0.26,-1.99,0.49,0.62,0.75,-0.78,-1.46,1.39,-0.5,-0.74,-1.32,-1.72,1.43,1
-0.11,1.55,3.2,4.22,5.78,4.92,4.39,3.71,5.12,4.01,3.08,0.7,0.49,-0.31,0.52,-1,1.65,-0.89,-1.2,0.14,-0.41,-0.67,0.58,0.53,-0.33,1.67,0.67,-0.61,0.44,-2.39,0.73,-0.76,-0.81,-0.53,1.68,1.27,2.29,0.61,-0.34,-0.24,0
-0.39,1.94,2.25,1.8,4,4.86,6.02,6.4,2.16,3.72,3.47,0.16,1.42,0.15,-0.92,1.55,1.17,0.46,-0.31,-1.91,-2.11,0.28,0.83,-0.24,0.3,0.32,-1.48,0.54,2.93,1.13,0.37,-0.89,-0.82,1.32,0.11,0.43,1.58,-0.24,-0.1,0,1
-1.69,1.5,1.66,2.35,2.43,4.29,6.02,4.7,1.19,3.77,1.83,2.36,0.03,0.89,1.24,0.94,0.91,0.55,1.15,-0.65,0.51,0.21,-0.57,0.8,0.51,-0.24,0.92,-0.31,0.83,-0.29,-0.3,0.14,-0.57,0.06,0.51,-0.72,-0.08,-0.07,-0.08,-0.69,0
0.53,0.39,1.23,1.02,0.6,2.19,3.5,2.81,3.92,5.12,5.91,4.17,3.23,2.3,1.25,1.51,0.05,-1.15,0.69,-0.17,0.07,-0.55,-1.08,-0.89,-0.36,0.37,1.01,-0.42,1,0.66,-0.35,-0.07,-0.37,0.23,0,-0.26,0.4,-0.29,2.05,-0.48,0
-1.83,1.53,0.44,2.75,2.39,2.85,2.67,2.95,4.08,2.23,3.06,3.82,1.99,3.59,2.31,4.23,1.62,3.11,-0.92,-0.63,1.95,1.14,0.73,0.87,0.83,-0.2,2.7,0.42,-0.14,-0.88,1.2,0.4,1.09,1.68,2.01,0.75,0.32,-0.12,-0.69,0.28,0
-0.88,1.19,-0.49,-0.11,0.75,2.04,3.62,1.57,3.19,3.93,4.08,4.49,3.01,2.25,0.05,-0.64,-0.83,-1.13,-0.04,-0.85,-0.99,0.22,-0.24,-1.42,0.63,0.07,-0.98,0.29,-0.24,-0.8,-0.11,-2.85,-0.76,1.03,-0.77,-1.47,0.68,0.95,-0.8,0,1
-1.37,1.71,0.1,-2.93,2.15,0.48,0.16,1.2,-0.01,1.38,2.07,3.26,3.1,4.41,3.23,3.4,2.13,0.55,0.42,1.17,-0.53,1.12,1.02,-0.65,1.46,0.71,0.84,-1.64,1.18,0.28,-1.22,-0.61,0.83,-1.63,-0.59,-0.3,0.03,1.47,0.32,-0.3,0
-0.05,0.98,2.8,3.12,2.87,5.16,5.22,2.5,3.06,3.16,-0.35,0.93,2.46,0.33,2.21,-0.32,2.43,-0.47,0.87,-0.14,0.44,-0.92,0.09,-0.25,1.95,-0.32,1.83,-0.44,-0.28,-0.14,-0.41,-0.67,-0.4,-1.07,0.27,-0.19,0.01,0.3,-0.46,-0.26,0
-1.52,0.18,2.48,1.92,2.75,4.09,3.32,4.66,2.98,6.34,2.47,1.1,1.77,0.83,-0.81,0.77,0.08,-0.36,-0.88,-0.63,0.7,0.96,0.94,0.03,-1.12,-0.32,0.89,-0.27,-0.77,0.59,0.05,-0.8,0.14,1.66,-0.31,-1.08,-1.12,-0.46,1.19,-0.21,0
1.37,0.5,-1.05,-0.57,-0.52,-0.87,1.66,1.97,1.85,3.02,5.4,5.27,4.78,5.83,3.14,3.75,1.4,1.91,0.22,-0.69,-0.54,-0.6,-0.31,-0.02,0.56,0.29,1.5,-0.62,0.3,0.93,0.32,1.93,-0.86,-0.99,-0.46,1.1,0.46,-1.06,0.45,0.47,1
-0.74,-0.53,2.33,3.48,4.7,5.79,4.39,4.25,4.33,2.54,1.54,2.83,0.72,0.97,0.91,-1.18,-0.73,0.65,-0.43,-0.66,-0.08,1.11,-1.26,-1.81,0.85,0.33,-1,1.78,-1.23,1.55,0.04,-0.47,-0.71,0.37,-0.31,0.29,-1.96,-0.29,-1.87,0.07,0
-0.27,0.22,2.31,2.56,3.97,4.45,4.9,5.45,3.5,3.66,1.93,0.55,0.04,-0.95,-1.19,1.79,-0.37,1.32,1.11,0.2,-0.88,-0.04,0.97,-0.15,1.09,-0.36,-0.53,-0.84,-1.04,-1.29,-0.53,-2.39,0.34,-0.82,0.39,0.6,1.21,-1.57,-0.53,-1.08,0
-0.08,1.01,0.76,-1.96,-1.16,-0.34,0.4,-0.62,-1.5,-0.2,1.39,5.37,4.12,6.23,5.48,5.03,3.66,2.07,2.51,0.88,0.07,-0.21,-0.39,0.49,0.09,-0.18,0.63,0.21,1.72,-1.5,0.16,-1.68,0.71,1.15,-0.37,0.27,0.56,0.02,2.42,-0.57,1
0.73,-0.72,2.43,1.64,3.57,1.9,3.45,2.78,1.03,3.01,1.31,1.62,1.37,1.05,3.47,2.46,1.18,1.9,2.35,-0.36,0.99,0.08,1.13,-0.31,-0.85,-0.72,3.1,0.74,1.17,0.44,0.61,-0.36,-1.2,-0.07,0.8,-0.61,-0.09,0.94,-0.46,-1.13,0
1.02,2.21,-0.48,0.51,-0.14,1.18,0.57,1.72,1,2.71,2.46,5.73,5.4,2.15,5.83,2.22,-1.23,0.77,2.75,1.09,-0.01,0.11,-1.74,-0.51,-0.35,1.66,0.9,0.73,2.38,-0.56,0.44,-0.8,1.58,-0.74,1.95,0.52,1.66,-0.7,-1.05,-0.69,1
0.68,1.05,2.5,1.75,1.63,-0.94,3.05,3.58,3,4.07,4.45,3.8,3.61,0.75,1.62,1.68,0.55,0.25,0.41,0.11,0.17,0.26,0.54,0.04,1.16,-0.92,0.23,0.74,1.51,0.75,0.59,-1.9,0.67,0.01,1.51,1.46,-0.07,-0.86,1.16,1.27,1
1.48,-0.51,1.39,1.75,2.55,4.15,2.71,3.79,2.84,2.39,0.53,3.7,1.42,2.18,5.22,1.36,3.21,1.69,1.09,-0.07,-0.74,0.23,0.19,1.71,1.54,-0.18,-0.81,0.24,-0.99,-0.35,0.08,0.13,-0.84,-1.55,-0.89,-0.17,-0.08,0.68,1.29,0.74,0
0.53,1.97,1.24,-2.2,-0.97,-0.31,1.03,4.84,3.23,3.22,4.82,6.34,4.28,1.43,1.94,1.55,-0.25,1.92,0.35,-1.38,0.58,0.72,-0.15,0.31,0.24,-1.44,-0.29,-1.28,0.11,-0.07,-1.27,-1.01,-1.34,0.2,0.89,1.84,0.74,-1.06,-0.12,0.73,1
1.18,-1.2,3.39,2.83,1.47,5.99,6.54,5.46,4.41,3.95,2.87,1.93,2.09,3.09,-0.67,1.12,1.35,-0.28,0.78,0.81,-1.57,0.01,0.92,2,0.58,-0.33,-2.47,-0.18,0.51,-1.13,-3.09,1.66,0.03,-1.69,2.29,-0.49,-0.91,-1.82,-0.47,-0.33,1
0.73,2.01,3.09,0.72,2.11,3.58,4.3,2.96,3.03,3,2.58,2.32,1.34,1.88,1.88,1.59,-1.15,-1.01,1.12,-1.81,-0.54,-1.54,-0.88,1.89,-0.92,-0.48,-0.21,-0.33,-0.06,-0.42,0.76,-0.89,1,0.01,0.44,-0.36,0.17,0.26,0.08,0.09,0
-0.8,1.08,0.22,2.14,1.67,3.49,5.93,3.52,5.27,3.23,4.09,1.88,-1,0.95,-0.34,2.14,-0.31,0.28,0.56,0.31,1.07,2.37,-2.04,-1.35,-0.2,-2.11,-0.31,-1.3,1.03,-0.07,-0.32,-1.49,0.98,0.18,0.7,0.78,-0.24,-0.2,-0.65,1.78,1
0.38,0.79,-0.37,2.19,2.46,3.74,4.07,4.94,2.07,4.47,1.48,1.99,0.49,1.16,1.26,0.5,2.5,1.24,-0.11,0.5,0.43,-1.31,-0.78,0.17,-0.52,-0.23,1.19,1.18,1.04,0.48,0.37,2.57,-1.59,-0.45,0.69,0.43,-2.03,1.63,1.28,2.07,0
-0.3,0.34,0.19,-0.86,-0.41,-0.41,1.76,2.35,1.3,3.02,3.47,3.66,2.05,4.46,2.89,3.24,2.71,3.42,2.33,1.42,0.3,-0.67,1.88,0.43,-2.34,0.45,0.77,0.01,2.26,0.98,-0.62,-0.02,0,-0.51,-0.17,0.6,0.55,1.18,0.87,-0.84,1
0.9,1.62,-0.38,-1.39,0.69,0.85,1.28,2.97,3.29,5.54,4.61,4.77,6.08,3.59,3.74,1.31,0.42,0.17,2.29,-0.48,-0.89,0.36,-2.14,-1.39,1.01,-1.86,-0.36,-1.82,0.77,0.46,-1.3,-0.37,-0.44,-0.64,-0.09,-1.07,-0.74,0.99,-0.36,0.63,1
1.31,1.87,2.88,2.59,3.62,2.67,3.18,6.14,2.67,3.89,1.56,-0.69,0.45,-0.12,0.6,2.31,2.35,0.62,0.08,-0.14,0.49,-0.53,0.33,-0.54,0.41,0.31,1.14,0.25,0.21,0.09,-1.18,-0.09,1.88,1.18,-1.29,-0.32,-0.98,1.18,0.98,1.08,0
-0.15,1.53,1.17,-0.21,-0.08,1.48,2.24,1.19,3.56,3.63,4.06,4.35,3.24,3.58,2.05,1.2,0.31,1.54,-0.93,0.53,-1.98,0.71,-0.36,1.23,-0.91,0.37,1.96,-0.42,-0.07,-0.81,0.91,1.38,-1.08,-0.66,-0.69,1.27,0.09,0.04,0.18,-0.35,1
-0.19,1.84,1.31,0.92,1.04,2.88,4.54,4.27,3.05,4.22,4.71,3.61,3.68,-0.53,0.7,-0.93,1.56,-0.3,1.83,0.19,0.44,-1.31,1.33,0.98,0.9,0.75,-1.5,1.41,-1.17,-1.43,-0.68,0.53,1.26,-0.95,0.23,-1.75,-0.04,-2.16,-1.37,0.63,0
-0.63,-0.83,1.29,-1.28,2.13,3.57,3.93,3.89,4.78,2.97,3.33,5.95,2.77,0.46,2,-0.2,0.34,-0.71,-0.05,0.44,1.17,0.57,1.57,1.78,-0.02,-0.29,-0.02,-1.74,1.5,0.54,1.16,-0.7,0.97,-1.18,0.01,0.02,-0.14,-0.73,1.3,0.9,1
-0.86,0.65,-0.41,2.19,0.28,2.85,2.8,4.03,5.17,5.75,5.46,4.96,1.81,1.38,1.19,1.73,0.7,0.82,1.16,0.05,0.83,2.06,0.93,-0.3,-0.35,0.06,0,3.23,0.06,-1.15,-0.34,-0.3,-0.38,0.47,1,-0.94,0.96,2,0.07,0.38,0
-0.32,1.86,0.19,0.93,1.06,3.16,2.41,3.88,-0.04,2.99,1.74,3.1,1.21,3.94,3.42,4.26,3.09,3.63,2.54,0.8,-0.74,-0.9,-0.11,1.61,-0.1,-1.69,0.34,0.34,-1.15,-1.37,0.97,-0.54,1.34,1.34,0.12,-1.59,1.57,-0.29,1.9,2.15,0
-0.15,0.13,2.27,2.39,4,6.14,5.36,4.08,3.81,3.89,2.46,1.78,-1.43,0.7,1.08,1.9,-1,-0.31,0.37,1.3,-0.18,0.28,-0.61,1.23,-0.19,-2.05,0.14,1.53,-1.17,0.84,0.4,0.25,-0.78,-0.12,-0.35,0.44,0.31,-0.45,-0.23,0.27,0
-0.06,2.3,2.74,2.92,4.43,6.9,4.58,4.55,4.6,2.44,1.36,2.19,-0.24,0.47,-0.64,0.4,0.43,-0.27,0.52,0.16,-0.38,0.82,0.12,-0.02,-0.32,-1.17,1.18,0.15,0.35,-0.77,-1.76,-0.48,-1.53,0.33,-0.62,-0.35,0.37,0.73,1.17,-0.25,0
-0.78,0.97,0.74,1.58,2.7,3.87,6.12,4.9,4.6,2.87,1.05,2.69,1.12,1.47,0.55,0.29,-1.03,-1.2,-0.1,-1.08,-0.21,1.34,-0.94,-0.94,1,-0.45,-0.75,-1.77,0.47,-0.46,1.82,-0.48,1.99,0.46,-0.6,-0.64,-0.27,0.22,1.22,-0.44,1
1.65,-1.76,0.78,0.78,-0.24,0.63,0.6,2.23,0.59,5.06,1.39,2.76,3.99,3.34,3.26,2.9,3.75,1.37,1.64,0.39,-0.41,0.61,-0.85,-0.39,1.82,0.8,1.5,0.13,-0.14,0.29,-1.21,1.06,-0.17,1.06,0.76,0.32,0.01,0.62,-1.4,-0.34,1
0,0.1,2.32,1.54,1.26,4.61,3.26,4.88,5.94,2.39,3.25,3.97,1.73,2.57,0.34,-0.38,-0.32,0.63,1.43,0.53,-1.08,0.46,-0.19,-0.44,0.4,-0.12,0.98,1.57,1.88,-0.42,0.4,-0.45,-1.52,-0.31,3.04,1.33,2.13,-0.26,-0.88,-1.58,0
-0.55,0.4,1.15,0.98,0.38,1.04,1.39,2.53,2.11,3.38,3.65,3.59,3.35,3.66,4.74,3.34,3.49,1.01,2.17,1.67,-1.15,-1.34,-0.49,0,-1.18,1.37,-1.58,-0.98,-0.1,0.65,-0.69,-1.16,0.44,-1.21,0.29,-0.2,0.89,-0.06,0.08,-0.97,1
1.11,2.53,0.83,3.14,1.76,4.16,6.06,3.24,3.04,0.49,2.63,2.11,0.62,3.64,0.34,2.18,1.25,2.75,-0.21,0.05,2.15,0.65,0.14,-0.18,0.76,0.69,0,0.76,2.28,-1.96,-1.11,-0.2,0.79,-0.92,-0.76,0.55,0.88,2.22,-0.11,-1.15,0
0.24,1.38,1.08,0.42,1.76,2.16,2.18,3.99,3.01,2.37,2.6,2.85,1.43,1.99,2.36,1.66,0.83,1.77,-0.07,1.35,-0.14,-1.84,0.1,1.18,0.02,0.11,0.91,-0.06,-1.96,-0.21,-0.89,0.31,-0.46,0.53,1.78,-2.71,0.2,1.64,-0.01,-0.41,0
-0.17,1.62,0.52,2.8,5.1,3.73,5.23,6.01,3.36,1.96,3.03,1.06,2.86,0.82,2.19,1.08,0.2,0.72,2.44,-0.88,-1.93,-1.69,0.42,0.62,1.28,-1.04,2.54,0.54,0.67,-0.19,0.29,0.2,-0.32,0.46,-0.27,-0.05,-0.27,0.17,0.6,0.45,0
-0.08,-0.43,0.51,-0.52,-0.12,0.23,3.38,2.87,4.13,4.05,5.07,5.8,3.3,2.36,2.27,-0.15,-0.42,0.5,0.3,0.64,0.5,-0.36,1.06,1.73,0.18,-0.08,0,0.62,-0.26,-0.93,1.16,-0.02,-1.7,1.2,0.27,-0.19,-1.13,-0.78,-0.09,-2.72,1
-1.64,-0.27,1.21,2.69,4.29,4.05,4.23,3.58,2.17,3.38,1.76,2.7,0.78,0.21,0.01,1.92,0.39,-0.63,1.55,-1.6,1.09,-0.64,0.05,-0.5,0.43,-1.51,-0.99,-0.51,1.39,1.36,-0.17,-0.24,0.59,-0.83,-1.8,0.23,0.78,-0.53,-0.25,-2.45,0
-0.43,1.26,0.24,-0.37,1.36,1.11,1.8,0.17,-0.77,1.09,0.45,4.58,5.87,5.22,4.83,4.79,2.55,3.32,0.61,1.31,-0.45,-0.58,1.24,1.23,-1.61,-0.68,-1.05,-1.21,0.61,-0.44,0.18,1,-0.23,-0.13,1.41,0.69,0.73,0.01,1.11,-1.36,0
0.39,0.23,1.54,0.12,1.29,2.18,4.14,3.65,3.64,5.61,4.16,2.47,0.55,0.43,1.39,-2,-0.55,0.1,1.72,1.09,1.63,-0.31,-0.39,-0.58,-0.68,-0.23,-1.25,0.01,-0.09,-0.27,-0.96,-0.14,-0.89,-1.61,0.02,-1.09,0.27,-0.82,-0.87,1.15,0
-0.31,-0.52,0.8,-1.06,-0.52,-0.11,-0.2,0.16,-0.88,0.32,3.54,4.49,3.71,4.17,6.83,4.75,4.02,4.72,1.68,0.12,1.12,-0.19,0.04,-1.12,1.03,-1.84,-0.52,-2.74,0.16,-1.75,1.2,0.99,-0.58,-0.3,0.32,-0.63,0.76,-0.51,1.02,-0.12,1
-0.83,-0.66,-0.26,0.53,1.6,0.93,1.49,0.5,1.68,3.21,3.98,6.06,2.64,3.88,1.54,2.37,2.04,0.26,2.25,0.94,-0.05,0.46,-0.65,-1.3,-1.13,-0.04,-0.98,-0.99,-0.07,-0.01,0.48,1.49,-1.47,-0.45,1.06,-1.04,-0.15,-0.67,0.15,0.8,1
-0.15,-0.74,0.81,-0.73,-1.44,0.53,0.52,2.62,2.61,6.74,6.35,5.21,3.45,2.02,0.44,3.23,1.85,0.32,-0.85,-2.06,-1.91,0.26,-0.95,1.15,-0.17,-0.74,1.81,1.27,-1.44,-0.19,2.22,0.83,-2.06,-1.82,-1.36,-0.81,-1.27,0.6,-1.53,0.68,1
-0.58,0.14,1.8,3.29,3.38,4.94,5.39,4.06,3.5,2.66,1.34,0.7,1.2,1.91,-1.03,1.02,1.29,1.14,0.82,-0.56,0.53,1.36,-0.11,-0.79,-0.58,-0.14,-1,0.93,0.07,0.9,1.62,-1.87,-1.12,0.5,-0.02,-0.63,0.27,0.15,-0.06,-1.02,0
-1.16,1.84,1.37,1.26,0.49,3.11,4.69,3.74,4.64,3.95,5.04,2.97,2.92,0.65,-0.12,1.65,-0.16,2.01,0.19,1.52,-1.49,-0.09,-0.93,0.37,1.54,0.24,-0.8,0.49,-0.83,-0.99,-0.46,-2.41,-0.31,0.33,0.53,-0.43,-1.04,-0.07,-0.51,0.35,0
2.17,2.14,0.82,2.96,2.19,4.05,6.29,3.84,3.89,2.71,3.19,1.48,0.61,1.15,0.45,1.09,-1.39,2.21,-0.9,0.63,0.1,0.48,-0.67,2.52,-0.72,1.67,0.04,-0.68,-0.55,-1.13,1.2,-0.47,-0.03,0.07,0.96,-0.19,-0.45,-0.19,-0.84,0.19,0
0.14,2.27,0.64,0.67,-2.24,0.65,-0.51,1.12,0.42,0.75,1.28,4.45,4.54,4.98,6.93,4.56,4.16,2.72,2.83,1.71,1.5,-0.17,0.32,-0.57,-0.13,1,-0.27,0.17,0.04,-0.64,-0.79,-0.79,1.66,-0.39,0.72,-1,-0.82,-2.13,1.19,-2.34,1
0.08,-1.22,-0.96,-0.16,-1.04,1.33,2.11,2.72,7.33,5.01,5.69,6.2,2.79,2.08,3.3,0.35,0.04,0.08,-0.44,-0.06,-1.39,-2.22,0.05,-0.92,1,-2.05,-1.38,1.17,0.62,-0.31,-0.76,1.17,0.14,1.01,2.13,0.06,-0.22,-0.62,0.56,0.33,1
1.78,0.77,-0.03,0.59,0.14,0.83,3.18,1.64,0.45,1.93,2.21,1.32,2.71,3.65,4.37,1.86,3.61,4.41,1.58,-1.01,1.09,-1.41,-0.01,-0.73,-1.26,-0.08,-0.35,-1.23,0.16,0.87,0.14,-0.77,0.14,-0.18,0.98,-0.93,0.01,-1.51,1.17,1.43,0
0.93,-0.41,-2.07,-1.08,1.1,0.64,1.29,4.31,3,5.18,5.28,4.93,5.55,4.03,2.27,2.47,0.83,2.95,-0.3,0.81,-0.24,-0.05,-1.17,-0.94,-1.7,-1.86,0.59,0.88,-0.38,0.05,1.43,-0.73,-0.07,-0.4,0.68,0.06,0.79,0.8,-1.49,-1.03,1
-1.19,1.24,1.36,1.03,2.07,4.46,4.4,5.73,3.89,4.7,3.39,2.38,0.91,1.14,0.65,-1.07,0.3,-1.27,0.4,-0.19,0.05,-0.16,-1.39,0.73,-1.47,1.72,0.17,0.58,0.95,-0.39,1.71,0.7,-1.42,-0.73,0.64,-0.27,-0.15,0.42,-1.04,2.28,1
0.21,0.45,0.08,0.84,0.02,1.1,1.13,2.1,3.54,5.12,5.19,4.35,3.86,4.64,2.94,0.29,-0.07,-0.31,-0.65,0.74,-0.37,0.65,-1.67,0.01,-0.23,0.83,0.87,1.18,1.25,1.35,0.8,0.01,-0.32,0.19,1.68,-0.34,-0.17,-0.2,-0.48,1.78,1
0.52,-1.55,0.73,0.1,1.14,3.27,3.19,3.47,5.03,4.93,4.31,4.3,1.55,2.88,0.06,0.03,0.38,1.07,-1.22,-0.52,1.29,0.64,-0.74,-1.56,-0.05,-0.09,0.73,1.49,-0.2,-0.78,-0.3,-1.67,-0.35,1.58,-0.92,0.26,0.38,0.72,0.96,1.42,1
0.49,0.35,0.75,1.15,2.3,2.25,2.02,3.51,2.31,3.82,1.2,0.52,1.76,1.48,2.97,1.14,1.36,0.58,1.58,0.02,-1.2,-0.74,-0.29,0.81,0.06,0.26,-0.24,-1.42,-0.9,-0.07,0.56,0.01,-0.54,-0.58,1.83,-0.03,0.58,0.4,-2.03,0.55,0
0.93,1.3,2.33,2.51,4.71,4.06,5.21,5.5,1.99,3.54,2.15,1.78,-0.2,0.93,0.74,-1.18,-0.52,-0.02,-0.16,-1.89,0.28,1.09,0.68,-0.15,-0.45,0.43,-0.58,1.4,0.65,-0.4,-0.98,-1.15,-3.44,-2.38,-0.72,0.25,1.25,0.46,0.82,-1.58,0
0.34,0.6,0.34,-0.84,0.98,1.84,1.13,1.19,4.8,3.99,5.25,3.06,5.05,4.16,3.27,4.14,2.55,0.58,1.83,-0.08,1.14,-1.2,1.09,-1.1,-1.08,0.25,-1.27,-1.26,0.76,2.07,0.08,-0.6,-0.77,-0.81,0.11,1.54,0.27,-0.04,1.59,0.79,1
-0.09,-0.43,-1.19,0.93,0.07,1.65,1.69,3.95,5.29,5.8,6.78,3.06,2.04,3.37,3.91,1.38,0.01,-1.34,0.8,-1.16,0.13,-1.22,-1.84,-0.3,1.11,-1.27,1.44,-2.75,1.51,-0.09,-0.2,1.37,1.21,0.96,-0.76,0.07,0.68,0.05,-0.48,-1.3,1
1.3,1.23,1.11,2.34,1.92,1.89,6.02,4.3,3.7,4.17,4.1,3.34,1.06,2.15,0.59,0.36,0.92,0.26,-0.44,-1.22,0.3,0.43,-1.37,1.04,-1.15,0.85,-1,0.16,-0.73,-0.75,-0.87,-3.1,0.68,2.28,-0.65,1.39,-0.34,1.6,-0.82,-0.95,1
0.21,0.99,-0.19,-0.74,-1.4,0.16,2.22,1.58,3.14,5.28,5.72,3.86,3.56,3,0.36,1.31,-0.26,0.96,-0.83,0.05,-0.23,-0.07,0.16,1.42,-0.24,-0.91,-0.72,-1.02,-0.09,1.68,-0.13,0.48,0.1,-0.28,-0.98,-0.46,0.62,1.33,-2.08,0.96,1
-1.04,-0.42,1.99,2.63,0.98,0.83,3.23,2.93,2.55,2.27,1.41,2.44,1.28,1.31,2.96,1.09,1.61,1.34,1.28,1.03,-0.76,0.63,0.27,1.71,0.79,-0.24,-1.45,0.65,-0.41,-0.24,-0.18,-0.58,-1.86,0.4,0,0.67,-0.59,0.98,-0.03,-0.12,0
0.47,-0.09,0.34,1.27,1.82,1.09,2.3,1.5,1.49,1.74,2.27,1.61,2.52,4.4,5.79,5.03,4.21,2.72,2.03,1.02,0.02,-0.53,-1.88,-0.14,-0.72,0.78,1.01,1.01,0.73,-1.3,1.18,0.23,0.08,-0.7,-0.61,0.25,1.68,-0.43,-0.97,-0.26,0
0.48,0.74,1.38,1.16,1.15,2.36,3.35,4.16,4.34,3.36,2.27,1.6,0.47,0.86,1.97,0.69,0.87,0.82,-1.02,-1.03,0.96,-0.72,-0.51,-1.53,-1.25,0.38,0.41,-0.42,-0.21,-0.45,-1.59,2.05,-0.12,-0.58,-0.69,-0.25,1.1,-0.55,1.06,1.35,0
-1.89,-0.84,0.68,1.41,2.91,4.49,5.3,4.66,4.45,3.78,3.63,2.85,1.74,0.97,0.42,0.53,1.58,-0.32,-1.14,0.56,1.05,-0.08,-0.28,-0.34,1.12,-0.05,-0.86,-1.09,-0.85,-0.59,-1.82,0.78,-1.2,2.27,-0.12,0.82,0.83,-0.14,-0.56,-0.29,1
0.09,-1.4,1.19,0.99,1.33,1.46,3.04,3.58,3.53,4.87,5.56,3.63,0.73,0.19,1.06,0.72,0.01,0.74,1.1,1.2,0.48,1.26,0.04,0.52,1.48,-1.24,-1.04,-1.05,0.18,-0.5,0.48,0.5,0.61,-1.63,0.23,-0.3,-0.5,-1.61,0.08,-1.13,1
-0.04,1.62,1.01,1.25,-0.27,2.33,2.09,1.94,1.46,1.43,3.27,2.27,2.86,2.64,4.88,1.95,4.81,1.66,2.74,0.73,-1.16,1.57,-0.37,0.85,0.54,-0.63,-0.88,-0.28,-0.31,-1.16,0.42,1.33,0.91,0.31,-0.46,-1.53,-2.49,0.36,-0.06,-0.07,0
-1.53,0.63,1.52,-0.06,0.08,1.37,1.16,1.31,3.48,4.45,6.47,4.39,3.17,3.39,4.09,2.33,0.64,-0.25,0.1,-0.33,-0.22,-0.01,-0.04,-0.51,0.81,-0.41,-1.54,0.23,0.05,0.84,-0.4,-0.5,1.31,-0.04,1.62,0.49,-0.27,0.83,-0.99,-1.92,1
0.73,0.74,0.14,-0.21,0.85,2.74,4.29,3.05,3.93,4.48,4.46,5.11,2.63,0.26,1.66,1.74,0.62,1.14,0.58,-1.34,-0.72,0.25,-0.46,0.47,-0.46,1.33,-0.63,-1.45,0.22,-0.88,0.46,-0.15,-0.24,2.06,2.12,0.2,-0.72,-0.27,-0.46,-0.85,1
0.43,0.84,1.64,1.58,1.09,-0.32,0.1,0.96,0.29,2.51,3.06,3.11,4.99,5.03,3.68,5.23,4,2.47,1.89,-0.11,0.08,1.24,0.37,-0.86,-0.11,0.14,0.85,-1.19,1.28,0.39,0.33,-1.47,-0.15,-2.04,-0.66,-0.87,-2.06,-0.05,-0.42,-0.63,1
-0.11,-2.26,-0.41,0.46,1.24,0.4,-0.18,-1.01,1.4,2.82,2.97,1.78,3.42,3.55,4.04,4,1.64,0.53,1.4,1.01,-1.27,1.53,-0.51,-0.9,0.6,0.79,-0.96,-1.14,-0.89,-0.32,0.6,1.29,-0.19,0.58,1.05,0.49,-0.03,0.13,0.47,-1.46,1
0.94,-0.9,1.51,-0.08,-0.7,-0.54,0.75,-1.23,1.14,2.23,2.15,2.41,3.26,5.27,4.24,5.63,3.12,3.3,3.46,2.68,0.64,0.61,0.71,0.4,0.64,-0.06,0.43,-0.49,-0.45,-0.64,-0.37,0.33,1.1,0.37,2.21,-1.06,-0.59,-0.36,-1.47,0.35,1
0.12,1.29,2.56,3.23,2.42,4.86,3.54,5.72,2.92,3.52,3.04,3.44,1.8,-0.31,-0.55,-1.27,0.31,1.37,0.82,-0.53,-0.09,-0.21,-0.58,-0.31,1.49,1.11,0.04,-0.15,0.2,-1.06,0.54,1.05,1.53,-1.9,1.2,0.36,1.68,0.04,0.23,0.02,1
0.62,-0.29,-0.57,-0.03,1.16,-0.45,-0.18,2.38,1.62,1.97,1.88,5.01,3.31,4.51,2.45,3.53,1.87,2.86,0.34,0.07,1.26,-0.44,0.93,0.11,-0.65,0.13,-0.19,0.54,-0.14,-0.37,0.09,0.68,-1.56,0.63,-0.1,-0.84,-0.52,0.19,1.27,-0.25,1
-0.46,0.2,1.75,1.71,1.47,2.36,4.22,3.41,4.01,4.61,2.49,1.5,2.34,-0.02,0.04,-0.07,-1.12,-0.31,-1.07,0.25,0.62,1.11,0.54,0.59,0.86,0.36,-0.91,0.45,-0.18,-0.5,0.29,1.14,-1.2,-1.04,-1.55,0.71,0.71,0,-0.5,0.2,1
-0.97,-0.23,1.45,2.01,2.15,3.09,1.28,2.43,2.58,1.99,1.12,1.99,4.09,3.49,3.72,1.19,2.08,1.99,2.6,-0.1,-0.29,-0.17,0.19,3.23,1.06,0.48,0.67,0.87,-1.28,0.19,-0.16,0.03,-1.38,0.56,0.1,-1.09,0.52,0.29,-0.42,0.67,0
-1.64,-0.68,0.83,1.56,1.33,2.79,3.9,3.84,3.79,1.42,2.19,1.01,1.4,0.87,2.49,0.36,1.44,1.5,-0.93,-0.76,0.37,0.97,0.12,0.74,-0.04,-2.51,1.28,-1.5,0.53,0.53,0.42,-0.68,1.66,-0.23,-0.85,0.68,0.9,1.28,-1.12,1.53,0
0.49,1.84,0.64,3.1,2.85,4.98,4.88,3.82,4.62,2.54,1.97,0.85,0.03,0.93,-1.98,-1.17,0.91,-1.01,1.87,1.92,-1.54,1.32,-1.75,0.84,-0.37,3.52,0.56,0.27,-0.03,0.53,-0.22,-0.82,-0.68,-2.34,-1.2,-0.16,-0.16,-0.6,-1.9,2.35,0
0.08,0.88,1.68,5.66,4.51,2.87,6.1,5.04,5.65,3.3,3.11,1.81,0,0.2,-0.08,1.05,0.06,-0.34,0.47,1.26,-0.98,1.32,1,1.32,-0.27,-0.92,1.09,-0.75,-0.72,0.09,-0.38,1.23,-0.62,0.03,-0.84,-0.19,-1.32,0.46,0.43,-1.34,1
1.04,0.22,-0.54,-0.81,-0.18,1.11,-0.2,2.19,-0.42,2.85,5.97,3.68,2.19,3.02,2.62,2.81,0.81,2.68,1.2,0.04,1.61,1.5,0.33,-0.09,0.98,0.91,1.62,0.2,1,-0.64,0.35,0.86,-1.01,-0.41,-0.45,0.69,-0.23,-1.39,0.8,-0.19,1
-0.24,2,0.01,2.58,3.5,3.49,4.6,4.31,2.34,4.43,3.13,3.99,3.63,2.68,4.21,-1.47,0.57,0.16,-0.9,-0.75,-0.38,0.45,0.86,0.37,0.98,-0.35,-0.73,0.12,-0.1,0.2,0.19,-1.2,1.41,-0.23,0.95,0.6,-0.59,-0.09,-0.15,0.58,0
1.04,0.98,1.49,1.73,0.72,0.31,1.12,2.28,3.16,3.7,5.74,4.19,4.04,1.64,0.06,1.25,1.59,0.7,1.47,0.39,0.12,1.02,0.73,0.99,-0.81,-0.17,0.81,1.27,-0.57,-2.02,-0.83,-0.51,0.86,-0.22,-0.36,0.47,-0.69,-0.01,0.3,-1.56,1
0.77,0.02,1.09,0.17,0.92,1.53,0.71,1.96,1.93,0.91,3.98,3.08,4.31,4.62,3.83,4.07,3.22,2.63,-0.98,1.95,-0.29,-0.52,1.7,-0.14,1.37,-0.82,0.47,-1.55,-0.02,-0.97,-1.46,0,-0.59,-0.06,1.2,0.82,0.88,0.97,-0.89,-0.78,0
0.44,1.18,3.07,3.33,1.97,2.99,3.51,2.03,3.2,2.92,2.9,2.53,1,1.22,2.08,0.48,1.86,0.98,0.41,-0.54,0.36,1.08,-0.53,-0.02,-0.08,3.91,0.12,0.33,-1.13,-1.24,-0.31,0.58,0.4,0.1,1.44,0.77,0.77,-0.17,-0.02,-1.06,0
0.35,-1.06,-1.48,2.05,2.2,5.11,5.14,3.77,3.67,3.69,2.15,3.77,1.38,1.11,2.2,-0.78,0.71,0.06,0.19,-0.67,0.99,0.76,-2.1,1.33,1.09,0.11,1.33,-0.28,0.99,0.32,-0.28,1.19,0.38,1.25,-2.64,-1.25,-0.74,0.43,-0.12,-0.78,1
0.9,0.19,1.48,0.13,0.88,1.58,3.54,3.41,1.93,2.8,0.58,1.6,2.32,2.39,5.31,5,2.91,2.88,0.79,-0.35,0.1,-0.53,-0.98,0.88,-0.01,1.96,0.75,1.09,-1.95,0.01,-0.59,-0.1,-1.11,0.84,0.83,0.92,1.05,0.58,2.25,0.71,0
2.18,0,0.95,-1.16,0.39,-0.4,2.61,2.89,1.78,3.25,5.3,5.74,4.33,3.4,2.77,1.4,2.44,0.36,0.07,1.04,-1.39,-0.41,-1.6,2.29,-0.03,-1.98,-0.43,0.64,-0.14,1.11,-0.86,-0.15,-0.25,-1,1.25,-0.91,1.14,-1.05,-0.56,1,1
-0.15,2,-0.31,1.64,0.67,1.29,2.91,3.69,5.37,3.77,5.87,4.72,4.46,6.11,1.65,0.01,1.23,0.21,0.74,-0.3,-0.63,-0.7,-1,0.31,0.59,1.6,0.92,0.36,0.23,-0.16,-0.66,-1.06,-1.47,-0.57,-1.15,-1.17,-1.75,-1.38,-0.49,0.61,1
-1.18,-0.98,1.83,2.25,2.29,2.49,4.32,4.62,3.67,4.21,4.57,3.19,3.81,1.8,-0.37,0.1,-1.38,-2.04,0.62,0.75,0.73,1.18,-1.65,-1.08,1.13,0.61,1.39,0.5,1.09,0.75,1.38,-1.27,0.28,-0.02,1.03,-0.41,-0.68,0.43,-0.1,1.38,0
-1.12,0.26,1.29,3.81,1.49,3.93,5.45,4.13,4.58,1.13,2.11,-1.49,1.83,3.04,0.93,2.06,-0.14,2.37,-0.68,0.04,-0.31,0.78,0.63,0.72,-0.4,0.15,0.71,-0.26,1.03,-1.5,0.72,0.74,-2.04,-0.15,-0.38,0.64,0.61,0.69,0.13,-0.26,0
-1.34,-0.58,-0.51,-0.95,-0.57,-0.38,2.61,3.67,2.46,2.46,5.28,5.35,2.94,2.96,2.06,0.02,0.33,-1.4,0.87,0.51,0.39,-1.1,-0.38,0.38,-0.54,-1.03,1.27,0.29,-1.16,0.72,-0.5,0.5,-2.12,1.01,0.77,-1.43,-1.71,1.2,0.14,0.93,1
-0.42,1.15,0.22,-1.07,1.81,2.99,5.43,4.84,5.08,4.61,2.96,2.91,2.1,2.3,1.52,0.75,0.43,2.39,-0.45,-1.01,0.51,0.3,0.39,0,-2.12,0.5,-0.16,0.51,-1.2,0.2,-0.19,0.83,-1.15,0.93,-0.09,-0.41,-1.08,-0.9,0.07,1.87,1
-0.34,-0.68,-0.88,1.1,0.9,0.35,1.24,3.54,3.11,2.52,5.41,5.86,3.68,5.39,2.87,2.99,-0.5,1,0.78,1.77,1.59,0.25,-1.4,-0.36,1.79,0.1,0.37,-0.16,-0.2,-0.98,0.7,2.72,-1.06,-0.11,-0.08,0.92,0.13,-0.75,0.45,0.95,1
1.04,-1.53,0,0.68,1.13,0.98,-0.19,1.1,3.29,2.8,4.43,4.72,4.87,3.28,4.44,2.06,0.38,2.61,0.07,0.63,-0.76,1.18,-1.25,0.97,-0.79,0.33,1.98,-1.14,0.71,0.09,-0.92,-1.38,1,0.36,0.19,1.76,-0.15,-0.5,0.69,-1.89,1
0.12,1.18,2.32,2.62,3.29,4.3,3.04,3.2,3.33,2.34,4.39,0.52,0.6,-0.21,1.75,0.83,-1.03,-1.43,1.78,-1.06,-0.91,0.62,-0.78,1.4,1.95,1.16,0.02,0.46,-1.58,-0.02,1.09,0.6,-1.34,-0.3,-1.29,0.57,-0.17,0.16,0.31,-0.5,0
1.38,0.71,1.79,2.88,1.99,3.27,3,2.57,3.01,3.59,2.61,2.25,2.19,3.39,2.79,2.81,1.36,0.32,0.48,0.27,-0.69,-0.71,-0.08,0.17,1.64,-0.63,-0.57,-0.04,1.8,0.85,1,1.23,-0.61,-0.86,-1.3,-0.72,0.36,0.52,-0.02,0.09,0
-0.29,1.06,1.98,4.18,3.68,4.66,4.62,5.17,3.83,3.39,1.9,1.18,0.85,1.19,0.97,0.4,1.91,1.04,-1.57,-0.19,0.81,0.38,1.31,-1.68,-1.55,-0.16,0.9,-1.22,0.45,-2.03,1.13,-1.13,0.4,-0.91,0.28,0.94,0.89,-0.53,-0.48,0.14,1
-0.38,0.87,-0.13,1.45,1.08,3.51,1.27,2.5,1.99,3.67,1.72,2.23,1.33,2.38,2.54,2.53,2.84,1.05,0.99,0.33,-1.66,-1.65,0.52,-0.21,-0.47,-1.18,-0.14,-0.61,-0.18,-0.78,0.46,-0.47,-0.71,-0.27,-1.11,-0.38,0.5,-2.43,-1.74,1.7,0
0.74,-0.9,-0.59,0.54,2.05,2.84,1.88,2.17,4.54,3.04,4.55,2.86,2.3,3.27,4.2,1.31,3.18,0.64,2.63,0.6,-0.81,0.16,0.79,0.92,0.62,1.26,-2.08,0.38,-0.37,-0.85,-0.16,-0.06,-0.3,-1,-0.71,-1.8,0.12,0.97,2.32,0.67,1
-0.16,0.29,0.1,0.93,2.15,2.1,1.51,2.43,1.01,2.44,3.17,2.29,1.72,2.84,2.6,1.13,4.14,1.95,1.81,0.59,0.51,-0.31,0.47,-0.24,-0.96,-0.89,-1.77,-1.67,-2.79,0.73,-0.71,1.22,1.57,-1.45,0.4,-2.65,1.43,0.17,1.1,-0.87,0
0.04,0.78,-0.11,2.33,3.01,3.64,4.38,2.53,3.46,2.44,3.52,1.96,-0.24,1.92,0.5,1.26,-0.53,0.45,-0.18,0.08,0.1,-0.05,-1.23,0.59,-0.98,-1.57,0.21,0.45,0.34,1.55,0.08,0.61,0.62,-1.81,-1.36,-1.4,1.43,0.23,-0.12,-0.91,0
0.09,1.63,-0.02,0.8,0.23,0.22,1.85,-0.47,1.32,1.84,0.61,2.89,3.81,5.22,5.83,4.09,4.07,2.31,2.6,-1.27,0.6,-0.63,1.5,1.2,0.34,-0.22,-2.29,-1.71,-2.15,-1.26,0.86,-1.09,-0.24,-0.08,-0.05,0.71,0,-0.75,1.08,0.26,0
-0.4,0.79,1.2,1.32,3.05,1.49,-0.21,-0.4,0.53,0.96,2.04,3.34,4.07,4.39,6.26,4.86,2.94,5.29,0.43,0.94,0.02,-0.3,1.12,-1.91,-0.8,0.09,0.67,0.49,-1.02,0.58,-0.92,0.21,1.25,-0.57,0.91,0.83,-1.91,0.71,-1.52,-0.7,0
0.52,1.44,1.55,-0.34,1.95,2.08,3.29,3.31,3.97,4.73,5.15,3.41,1.95,3.75,1.51,1.07,1.11,0.7,-0.23,-0.15,-0.17,0.35,1.28,-1.32,0.31,1.05,-0.36,-0.67,-0.85,-1.31,3.03,0.72,0.76,-1.31,0.59,0.46,0.7,-0.49,-0.76,-0.82,1
-0.3,0.2,2.22,1.98,1.87,1.95,4.16,3.29,2.38,5.54,2.62,1.23,1.71,1.78,0.25,3.79,-1.1,1.89,0.78,-0.2,0.41,-0.83,-2.09,-0.74,0.64,-0.05,0.39,1.18,-0.47,0.13,-0.09,-0.61,-1.81,1.65,-0.4,1.15,-0.48,-0.4,1.16,-1.29,0
-0.54,-0.21,0.51,-1.65,-0.84,0.49,0.83,0.19,0.38,-0.17,-0.66,4.53,4.62,5.47,5.35,5.59,3.79,2.85,1.06,1.35,-0.45,0.96,-0.27,-1.51,1.47,1.21,0.67,0,0.48,-2.21,0.08,-1.09,2.01,0.39,0.9,1.8,1.38,-0.83,0.61,-0.89,1
-1.05,-0.78,0.8,0.94,1.68,3.61,3.14,4.06,5.2,2.9,3.25,3.25,1.32,-0.01,0.81,-0.47,0.73,-1.16,0.87,-0.24,-0.12,-0.65,-0.23,1.41,0.31,-0.73,-0.78,-0.56,1.31,-0.11,-1.04,-1.02,-0.97,-1.42,0.5,-0.78,-0.94,-0.16,1.15,2.24,0
0.35,-1.56,1.86,-1.65,-0.15,0.19,1.38,1.14,3.37,2.38,5.82,4.66,3.25,2.9,1.12,1.22,1.56,0.01,-0.56,0.18,-0.53,0.14,2.44,-2.16,-1.54,-1.52,0.52,-0.73,-0.42,0.22,0.81,1.29,0.75,-0.82,0.35,1.65,0.8,-0.05,0.43,-0.57,1
0.4,0.87,0.57,-0.38,0.04,2.09,1.75,0.07,2.42,2.89,4.03,4.31,4.21,5.46,2.84,1.23,2.36,0.29,0.54,0.09,1.38,0.83,-0.45,0.45,2,0.95,0.74,2.1,-1.97,-0.98,0.65,1.16,1.68,-0.38,-0.47,0.42,-0.46,-2.36,-0.22,0.83,1
-1.4,-0.57,-0.31,0.07,-1.1,-0.93,0.24,0.86,1.9,1.9,2.98,3.18,3.03,5.7,3.56,1.13,2.86,2.89,2.71,1.77,-0.85,-1.22,-0.55,0.48,-1.96,1.13,0.02,-0.34,1.65,0.3,0.23,-0.52,0.6,1.37,0.91,-1.36,-2.04,-0.2,-0.37,-0.33,1
-0.12,1.4,0.66,0.14,-0.85,0.38,1.75,-0.1,1.03,3.31,3.4,4.35,6.24,2.32,3.49,3.81,3.24,0.87,2.79,0.58,0.11,0.16,-1.22,0.69,2.03,-0.25,0.85,-0.15,0.67,0.72,0.21,1.27,1.15,-0.76,0.54,-0.37,-0.25,-1.1,0.7,-1.79,1
-0.12,1.58,2.55,1.78,0.85,1.63,5.17,3.5,2.22,2.58,2.56,-0.37,0.43,1.7,2.7,-0.18,1.36,1.95,1.81,0.8,1.05,0.09,0.12,1.5,-0.23,-0.03,1.4,-0.67,-0.13,0.78,-2.24,1.11,-0.11,0.2,0.8,-1.26,-0.28,0.15,0.91,0.85,0
-0.26,-0.59,-0.43,3.07,1.19,2.01,3.3,5.23,4.53,3.78,1.89,2.03,1.99,-0.26,1.34,-1.63,0.75,0.75,-1.19,0.17,0.3,-1.28,1.13,-1.01,0.2,1.7,-1.43,1.1,-0.07,-0.7,0.02,1.95,-0.14,1.56,-0.44,2.28,-1.1,1.4,-0.59,-0.68,1
1.59,-0.01,0.2,2.44,3,3.97,3.68,4.17,4.14,2.02,1.34,1.56,1.82,0.2,2.46,2.26,1.56,2.87,-0.85,0.13,1.2,1.26,0.67,-0.88,0.22,1.11,1.58,-0.56,-0.64,0.33,0.09,0.73,0.66,-1.4,-0.08,0.75,-0.97,0.78,-0.33,0.9,0
0.72,1.95,0.06,2.52,1.54,3.74,3.69,2.04,0.84,2.82,1.92,3.03,3.98,3.27,2.76,4.13,3.63,2.24,0.73,-1.22,-0.89,-0.66,-1.34,0.99,0.2,-0.81,1.13,-0.98,-0.07,0.66,-1.06,-1.27,0.19,0.91,-0.76,-0.28,-0.01,0.42,-0.02,-0.56,0
-0.73,0,-0.4,-0.1,0.16,0.21,1.41,1.49,0.46,0.8,3.19,4.65,5.31,3.87,5.61,2.51,2.2,5.15,1.58,3.33,1.88,0.68,0.17,-0.22,-0.08,0.42,-0.55,-0.13,1.32,-1.35,-0.62,-0.91,-0.18,-0.96,0.99,-0.03,1.66,0.99,0.77,-0.59,1
0.6,-0.13,1.48,-0.56,0.06,1.29,4.09,4.41,4.75,4.46,4.98,3.77,2.51,3.61,2.3,0.74,-0.75,-0.97,-0.66,-0.28,-1.19,0.8,0.09,-0.09,0.09,-2.44,0.94,0.8,-2.35,-1.66,-0.77,0.09,1.57,1.09,-0.42,-0.24,0.89,-0.4,1.18,1.66,0
-1.1,0.61,0.74,-0.04,0.22,-0.45,-0.4,1.02,-0.86,0.74,2.52,3.29,4.51,2.97,5.91,4.95,5.03,0.24,0.82,2.78,1.88,-0.48,0.98,1.11,-0.32,-0.49,1.49,1.35,-0.92,0.03,0.6,0.3,-1.48,-0.79,-0.08,0.01,1.01,-1.68,1.67,-1.2,1
1.64,-0.15,1.57,1.8,4.19,4.44,4.01,4.34,2.56,4.2,3.4,3.34,0.3,0.57,1,-0.4,-0.71,0.27,-1.91,-2.06,0.23,-0.92,-0.57,1.12,-0.05,-0.17,0.16,0.51,-0.39,0.35,-0.16,0.19,0.58,1.14,-0.52,-1.27,2.08,1.67,-0.53,-0.81,1
0.66,0.57,0.18,0.44,1.34,1.31,0.37,2.79,3.46,5.32,6.22,4.41,4.11,4.09,1.74,0.38,0.07,0.35,-0.72,-0.33,0.68,0.12,-0.49,-0.74,-0.39,-0.26,-1.24,0.92,0.84,0.05,-0.66,1.72,0.26,0.92,1.44,-0.26,-0.19,-0.56,1.25,-0.21,1
-0.84,-0.83,2.19,2.11,3.53,4.13,5.51,4.63,4.18,4.38,4.9,3.52,1.83,0.95,-0.38,-0.49,0.08,-0.37,-0.22,0.19,-0.27,-1.27,1.33,-1.43,1.12,-0.22,-0.03,1.43,-0.84,-0.09,-0.44,-1,-1.46,-0.44,0.03,0.07,-0.36,1.94,-0.84,-0.35,1
0.04,1.1,0.99,4.64,3.78,5.42,6.01,4.98,5.33,3.39,1.46,-1.5,-0.07,1.66,-1.05,-0.64,0.88,-0.36,0.69,-0.13,1.49,-0.03,1.02,-0.8,0.2,1.66,-0.26,0.67,-0.73,-0.88,-0.27,-1.43,-0.14,0.2,0.02,0.74,1.59,-0.92,0.26,-0.81,0
-0.93,1.01,-2.3,-0.51,1.09,0.44,1.47,0.71,2.23,2.14,4.9,4.81,4.23,3.52,3.92,3.45,3.11,0.61,0.47,0.27,1.26,0.09,0.88,-0.38,0.07,1.57,-0.39,-0.78,-1.06,0.93,-0.72,0.87,1.59,0.64,-0.55,-1.71,-0.74,-1.38,-0.14,-0.28,1
-0.5,0.53,1.05,2.98,2.65,3.52,6.64,5.18,4.94,2.06,3.61,2.28,0.45,0.88,-0.18,-1.11,-0.86,-0.22,-0.73,1.04,0.92,1.01,0.89,0.11,-0.7,0.49,-0.64,-0.16,-1.12,-0.04,-0.75,0.14,0.94,0.67,1.7,0.03,0.07,0,-0.8,-2.27,0
-0.19,2.48,1.55,-0.26,0.67,1.07,2.72,4.13,3.53,3.85,3.08,4.43,1.9,2.09,1.87,1.12,0.94,0.63,1.13,1.85,0.71,0.36,1.37,-0.4,-0.52,-0.42,-0.9,0.98,-1.32,-1.33,0.54,0.4,0.03,-0.79,-0.01,-0.69,-0.45,1.42,0.92,0.57,0
-0.56,1.68,0.28,1.71,1.42,1.03,1.96,2.08,1.68,3.66,2.11,2.02,-0.3,0.96,5.41,1.4,1.55,1.42,3.02,1.03,1.22,1.59,0.58,1.44,0.89,-0.22,-0.24,-0.16,-1.5,-0.42,-0.64,0.8,0.55,0.13,0.99,-0.61,0.28,0.24,-0.42,-0.26,0
-0.1,-0.17,0.54,0.97,1.15,2.48,3.32,4.79,5.1,3.98,2.29,3.28,4.58,4.03,0.48,0.87,0.34,-0.45,-0.08,-0.52,-1.27,-0.08,0.31,-0.55,0.59,-0.17,-0.49,0.01,0.03,-0.77,-0.08,-0.55,1.94,0.83,1.03,-0.51,0.74,0.21,2.51,-0.66,0
0.57,0.13,0.62,1.98,2.22,2.6,2.7,0.76,0.67,2.14,1.87,2.68,2.66,3.44,3.04,1.87,3.62,1.31,1.15,-0.85,1.96,0.94,-1,1.24,0.42,1.78,-1.78,1.29,-1.12,-0.63,1.66,0.68,0.34,0.45,0.05,-0.13,0.26,-0.38,0.91,0.37,0
-0.8,0.88,1.41,2.85,2.32,4.75,5.21,3.08,4.69,4.35,2.99,1.61,0.15,2.4,0.08,0.42,-0.77,2.11,-0.64,-1.55,2.04,-0.01,0.46,0.27,-0.02,-1.61,0.25,1.66,0.42,0.28,1.42,1.03,0.33,1.94,-0.59,0.85,-0.08,-0.33,1.42,-0.48,0
0.45,1.85,2.31,4.25,2.02,3.45,1.62,3.59,4.08,1.3,2.41,0.6,1.99,1.43,3.11,2.31,-0.43,-1.08,0.15,-0.45,1.01,-0.65,-0.45,-1.45,-0.45,-0.05,-0.47,-1.86,0.09,0.32,1.18,0.56,0.3,0.76,1.16,-0.4,-1.08,-1.28,2.48,-0.91,0
0.09,1.69,1.78,2.63,2.55,5.73,5.24,4,3.58,3.94,3.96,0.37,-1.24,1.65,0.24,0.06,1.63,0.99,1.35,-0.61,-0.79,-1.19,0.26,-2.14,-0.32,-0.45,0.25,-1.33,-0.25,0.37,-1.42,0.03,0.29,-0.77,-1.55,-0.52,-0.21,-1.13,-0.37,0.78,0
0.94,1.39,2.36,-0.62,-0.39,-0.9,0.41,0.21,-1.41,0.88,1.99,3.05,4.45,5.7,6.49,3.39,5.21,1.62,1.11,-0.86,0.82,-0.26,1.54,0.59,0.86,-0.64,0.83,-0.66,0.27,-0.63,-1.27,-0.33,1.67,-0.42,0.86,-0.36,0.2,0.5,-0.84,0.67,1
-0.92,-0.23,1.22,2.61,4.19,3.95,4.69,4.72,4.51,4.02,3.3,2.42,2,1.98,1.93,0.6,0.99,1.06,-0.62,-0.5,0.01,0.47,-0.17,0.95,-0.32,0.45,-0.07,0.6,0.08,0.34,1.48,-0.71,-1.01,0.84,-0.07,0.37,-0.45,1.35,1.09,0.2,0
-0.84,-0.58,0.98,0.35,0.64,-1.58,1.4,0.03,2.19,3.9,4.53,3.98,4.41,3.7,2.28,1,-0.35,-1.11,-0.59,-0.23,0.35,-0.94,-0.68,-0.84,-0.44,0.46,0.84,1.36,0.07,1.25,1.43,-0.51,-0.02,0.47,-1.11,0.65,-0.37,1.57,-0.72,-0.09,1
-0.12,2.06,2.54,0.7,4.39,3.06,4.05,5.29,1.88,3.69,2.35,2.31,0.17,1.75,1.18,-0.26,0.1,1.16,0.25,-0.52,-1.83,-1.35,-0.75,-1.59,-0.28,0.49,-0.9,-0.55,-1.01,-1.36,-0.95,-2.02,-0.43,-0.67,-1.07,1.06,0.72,-1.44,-0.52,0.68,0
-1.46,-2.88,-0.23,-0.09,-0.38,1.51,1.58,1.58,-0.09,1.61,2.14,2.17,1.29,2.68,4.07,4.77,2.97,2.6,2.07,1.66,-1.68,0.31,2.1,-2.47,-0.5,0.83,1,0.69,-0.04,-0.66,-0.36,1.63,-1.32,-0.4,0.94,-0.29,-1.04,-2.49,-0.39,0.38,0
2.12,1.1,-1.27,-0.97,0.53,2.07,2.39,3.28,4.13,4.58,5.83,4.9,2.39,3.33,1.41,1.97,-0.01,-0.43,0.29,-1.36,-1,-0.07,-0.73,0.45,0.66,0.96,0.78,0.12,0.01,-1,1.82,-1.1,0.73,0.32,-1.2,0.48,0.62,0.7,0.24,-0.26,1
-0.93,1.73,1.29,0.93,3.06,2.64,5.15,3.41,4.61,3.47,4.96,1.99,2.13,1.28,2.08,1.57,-0.46,0.22,-0.74,-2.15,1.4,-0.98,0.69,0.95,-1.43,0.09,1.03,-1.34,0.61,-1.19,0.04,0.24,-0.38,0.41,0.57,-1.05,0.63,0.35,0.98,-1.07,0
-1.12,0.81,2.97,2,1.61,1.23,1.68,1.19,3.41,2.06,4.12,2.61,5.8,4.69,3.9,4.59,3.32,1.77,0.71,0.05,1.76,0.38,-1.04,1.53,1.44,1.49,-1.57,-0.79,1.75,-1.02,-0.12,0.75,-0.2,0.14,-0.31,-0.09,-0.46,-0.16,-2,1.08,0
2,-0.55,0.39,0.83,-1.35,2.22,1.77,0.44,-0.03,2.28,1.8,3.56,4.31,4.76,6.79,4.64,1.61,3.19,2.04,0.65,0.76,-0.02,0.45,-1.08,1.24,-0.03,-1.69,-1.08,-2.26,-1.13,-0.32,-0.15,-2.17,-0.72,-0.42,0.84,-0.19,0.34,0.58,1.39,1
-1.19,0.31,1.94,1.14,1.67,2.82,4.28,3.66,5.33,4.55,2.84,4.1,1.15,0.19,1.56,1,-1.4,0.69,0.62,-0.64,-0.94,-0.1,0,0.03,0.79,0.37,1.67,-0.53,-0.95,0.84,0.7,0.99,-1.2,-0.04,0.31,0.87,-1.52,1.02,-0.38,1.18,1
-1.12,0.26,1.29,3.81,1.49,3.93,5.45,4.13,4.58,1.13,2.11,-1.49,1.83,3.04,0.93,2.06,-0.14,2.37,-0.68,0.04,-0.31,0.78,0.63,0.72,-0.4,0.15,0.71,-0.26,1.03,-1.5,0.72,0.74,-2.04,-0.15,-0.38,0.64,0.61,0.69,0.13,-0.26,0
0.52,1.22,-2.52,-0.3,-0.14,0.64,-0.26,-0.19,2.89,3.47,5.72,5.68,5.24,4.5,4.05,2.1,1.79,-0.2,2.58,-0.11,-0.64,1.2,-1.27,1.44,-0.08,-0.4,0.47,0.92,0.39,0.49,0.19,-0.08,0.71,0,0.23,-0.63,-0.39,1.11,0.94,-0.92,1
-0.31,0.69,3.09,0.45,3.04,3.94,4.32,3.88,2.58,4.13,1.81,1.41,2.4,1.05,2.03,1.02,1.73,1.72,1.04,2.16,0.5,-1.08,0.11,-0.96,-1.82,0.53,0.84,-0.89,-0.09,0.6,-0.1,0.74,0.11,0.78,2.41,0.41,0.32,-1.96,-0.07,-1,0
0.94,1.03,0.55,1.03,1.84,4.24,4.59,2.7,3.6,5.27,3.77,3.25,1.23,0.71,0.76,2.12,1.38,0.87,0.13,-0.1,-0.77,-1.61,-0.01,0.47,0.34,-0.36,-0.31,0.34,-1.17,-0.76,0.44,-0.16,0.66,-2.19,-0.27,1.58,0.08,1,0.31,-0.25,1
-0.9,1.59,1.7,1.84,1.61,2.78,5.59,2.35,3.95,2.06,3.68,0.16,0.37,1.39,2.11,2.2,1.17,0.63,0.88,-0.46,0.03,0.04,-1.56,0.75,-0.97,-2.54,-0.66,1.08,-0.67,1.26,0.7,2.08,0.72,-0.37,0.07,-1.26,1.46,0.27,1.14,0.27,0
0.91,0.82,2.43,3.82,3.85,5.41,4.82,4.34,4.22,2.17,3.86,1.28,-1.43,0.4,-0.56,0.69,-1.25,-1.27,-0.09,-0.74,-1.05,0.09,0.17,0.46,0.01,-0.97,-1.28,-1.16,1.22,0.41,-0.27,0.81,-0.8,-0.73,0.22,-0.81,1.04,-1.28,-0.94,0.13,1
-2.09,0.3,0.51,4.06,5.16,6.18,5.81,5.15,3.99,2.21,3.16,1.06,0.33,-0.18,2.42,2.03,1,-0.98,0.16,-0.75,0.67,0.2,-0.02,-1.47,0.33,-0.28,1.75,0.23,-0.61,0.86,1.14,0.2,-0.19,0.99,0.47,-1.52,0.24,-0.78,0.65,-0.27,0
-0.36,0.21,0.49,0.59,-0.55,-0.86,2.37,-0.95,0.27,2.52,0.85,2.48,3.68,4.6,6.49,4.2,2.86,2.13,3.3,0.4,0.51,-0.84,0.04,-0.1,-0.73,0.68,0.17,-2,0.15,0.46,-0.63,1.79,-1.18,0.73,0.02,-1.78,1.4,-0.4,1.68,-0.92,1
-1.3,2.36,2.47,1.74,4.76,3.22,5.7,4.63,4.39,2.73,1.45,1.52,0.03,2.06,0.03,-0.41,-0.41,-1.39,0.7,-1.26,0.02,-1.32,-0.16,0.04,-0.32,0.33,-1.88,0.09,-0.48,-0.28,-0.52,-0.3,-0.59,0.23,0.43,-1.2,0.53,1.33,0.53,1.45,0
1.7,0.82,-0.54,0.14,0.2,2.6,1.25,2.83,2.28,3.75,5.21,5.89,5.66,4.6,4.87,1.02,2.86,2.1,0.57,0.48,-0.15,0.89,0.55,-1.44,-0.25,-1.64,-0.4,-0.84,1.36,-0.6,-0.81,-1.43,0.75,-0.03,0.92,-1.58,0.89,0.39,0.6,-1.9,1
-0.22,2.2,2.06,1.38,0.54,1.13,1.19,-0.9,1.46,0.41,3.21,2.76,3.32,3.2,6.36,3.97,1.29,3.14,1.89,2.45,-0.95,-0.17,-0.2,1.16,-1.02,1.44,-1.74,-0.23,0.48,-0.8,0.64,1.37,1.17,1.34,-0.2,-1.17,0.46,-0.61,2.51,2.25,1
-2.06,2.41,-0.71,1.3,-2.14,1.84,-0.19,1.84,3.13,3.54,5.63,1.72,5.91,2.91,3,3.03,2.06,0.77,1.82,-0.74,0.51,0.38,0.04,-0.96,-0.68,1.76,1.83,-0.01,-1.37,1.26,-1.4,-0.11,-0.03,0.44,0.66,-1.11,-0.27,-0.3,0.85,1.11,1
0.95,1.88,2.02,4.36,4.44,4.72,6.81,5.64,2.66,3.6,1.82,-1.19,-0.46,0.63,2.65,-0.76,-0.61,-0.28,-0.33,-1.21,-0.73,1.43,0.32,-1,-0.64,0,-0.16,-0.8,0.22,-0.41,0.56,-0.31,-1.04,-1.56,0.45,1.03,0.52,2.23,0.55,1.08,0
-1.3,-0.85,0.03,2.56,0.14,1.52,1.73,3.17,5.04,5.23,5.66,4.65,4.9,1.26,2.75,3.44,-0.77,1.05,-0.2,0.06,1.66,-0.45,0.89,-0.4,-0.62,0.65,1.11,-2.19,-1.2,-0.07,0.35,-0.23,0.75,2.89,0.38,0.41,0.67,-1.37,1.91,0.36,1
0.56,2.12,0.91,-0.3,-0.7,0.97,0.93,0.6,2.29,1.59,3.24,3.7,4.08,4.59,4.81,2.84,3.1,2.32,2.03,1.37,-0.75,-0.15,-0.87,0.65,0.37,0.9,0.1,0.04,0.06,-0.4,0.55,-0.74,0.14,0.92,-0.42,-0.53,0.42,-0.66,0.78,0.05,1
-0.05,0.7,1.05,3.65,5.14,6.84,6.04,3.43,3.05,3.92,1.62,-0.23,0.33,1.18,1.36,0.84,0.29,0.58,-0.14,0.22,-0.13,0.36,-1.08,1.44,1.68,0.2,-0.97,-0.1,0.33,-0.01,-0.15,-0.42,0.43,-0.14,0.79,-0.62,-2.09,1.58,1.21,0.2,0
-0.05,-0.23,2.45,1.18,2.53,2.45,4.03,3.73,1.01,2.72,1.1,2.45,1.43,1.47,3.29,3.89,0.37,0.04,0.51,1.02,-1.06,-2.43,-1.04,-1.16,-0.07,-0.13,0,-0.2,1.52,0.18,-0.45,0.1,1.59,-0.85,1.12,-0.04,0.8,-0.79,1.12,0.09,0
0.41,0.45,1.49,2.9,4.81,3.8,4.21,5.88,3.22,3.6,3.2,1.21,2.69,0.44,0.99,-0.15,0.12,-0.49,0.21,1.37,-1.74,-1.83,-1.03,0.36,0.09,0.42,1.43,-0.42,0.4,-0.23,1.13,-1.49,-1.36,2.06,0.64,0.9,-0.81,-0.31,0.03,-0.12,1
0.21,0.7,0.07,1.8,2.2,4.42,4.53,3.12,5.24,1.38,4,1.88,1.75,2.03,0.57,2.67,1.02,0.53,0.83,-0.25,0.03,0.54,-1,-0.77,1,-1.35,0.28,-0.56,1.31,-1.91,0.36,1,-0.79,0.94,-0.33,2.07,0.51,-2.11,1.38,-0.2,0
-1.47,-0.3,0.07,1.25,0.14,1.71,1.88,2.34,3.78,3.88,5.96,5.23,4.37,4.96,3.51,2.54,-0.3,1.48,0.09,-0.18,0.95,-0.4,-0.81,0.36,-1.98,-1.9,0.94,0.15,1.79,-1.38,-3.4,0.55,-0.56,-0.67,0.06,0.2,2.31,-0.91,-0.31,2.12,1
0.37,1.07,1.69,0.82,4.37,0.88,3.83,2.44,3.44,1.78,1.21,1.22,0.16,2.74,2.1,2.77,2.69,2.59,-0.94,-0.98,-0.41,-0.24,-0.12,-0.75,-1.76,-0.34,0.62,-0.75,0.02,-0.87,1.15,1.46,-2.27,0.97,0.67,0,-1.8,1.35,-0.97,0.52,0
-0.08,-0.51,2.03,0.31,-1.75,-0.22,1.03,0.92,1.86,3.45,4.29,4.24,3.61,1.39,3.84,1.59,0.83,-0.84,1.11,0.37,-0.81,-1.1,0.06,-0.25,1.61,-0.76,-1.05,0.84,0.18,-0.6,0.35,-0.35,-2.01,-1.53,-1,2.03,-0.28,-1.53,1.15,0.96,1
2.09,0.39,1.1,-0.51,0.57,0.17,-1.29,0.16,0,2.08,2.82,4.16,4.09,3.67,6.66,3.49,5.66,2.37,1.23,-0.28,0.49,0.9,0.93,-1.13,-0.16,-2.15,-0.06,-1.24,1.57,-0.39,2.18,-0.89,0.42,1.41,0.57,-0.45,-0.29,-0.51,-1.3,0.74,1
1.03,2.96,1.6,1.83,3.01,4.82,4.17,5.99,2.85,3.73,2.33,0.14,1.49,1.26,-0.6,0.63,-1.27,-1.02,-0.63,2.43,1.05,-0.55,0.95,-0.66,-1.53,0.09,0.43,1.15,-0.24,0.67,1.18,-1.37,-3.36,0.51,-0.01,0.88,-0.98,-1.94,0.29,0.21,0
-1.2,0.85,-0.09,0.02,1.45,0.72,1.69,2.45,3.2,3.7,4.53,2.06,1.57,5.16,4.33,3.1,3.04,1.89,1.48,0.46,1.57,-0.29,2.08,1.23,0.47,-0.37,-0.19,-0.01,-1.23,-0.28,1.13,1.59,0.13,0.76,-0.66,-0.09,0.3,-0.85,0.49,1.05,1
1.72,-0.56,-1.53,-0.87,-0.76,1.86,-1.13,0.28,1.18,2.89,1.23,3.93,4.62,4.82,5.3,4.11,1.27,1.25,1.39,2.24,0.15,0.14,0.54,0.29,1.06,0.15,0.45,1.94,0.94,-0.25,1.19,0.94,-0.37,-0.17,-1.23,-0.34,1.83,-2.31,-1.47,-0.72,1
-0.02,-0.43,-0.12,1.74,2.35,2.74,4.34,3.78,2.02,2.56,4.73,3.84,3.02,1.98,0.94,1.1,0.58,-0.8,0.99,-0.09,-0.3,0.44,-0.02,0.08,-0.09,0.7,0.82,1.1,1.17,0.78,0.71,0.76,0.03,-0.57,-0.48,0.7,0.44,0.72,-0.42,-0.92,0
0.48,2,-0.2,0.56,-0.33,1.77,1.47,4.17,5.18,4.11,5.36,5.49,3.55,3.12,1.44,1.85,0.11,-1.62,-1.63,0.88,0.73,-0.37,-0.32,1.68,0.77,0.03,-0.67,-1.27,-0.48,1.47,-0.62,-0.02,0.3,0.21,-1.18,-0.27,-0.14,-1.57,0.57,0.34,0
0.67,-0.96,1.69,-0.57,0.27,2.08,-1.33,0.72,2.8,0.2,1.07,2.88,2.67,3.92,5.02,3.1,2.98,2.71,2.57,1.91,-0.09,-1.06,-0.58,0.43,0.88,1.42,0.79,-0.02,-0.76,-0.26,-0.28,0.08,0.16,-0.43,-0.28,1.11,-1.22,-0.34,0.55,-0.73,0
-0.64,-0.09,-0.08,2.23,2.58,4.79,4.92,6,4.31,2.56,2.44,1.52,1.26,1.05,2.37,-0.34,-0.45,0.35,1.23,1.11,-0.26,-0.27,-0.61,-0.8,-0.65,1.08,-0.54,-1.43,0.74,-1.06,-1.59,-0.79,-1.13,-0.05,-0.64,1.14,0.6,0.96,0.04,-0.51,0
-0.18,2.3,-1.37,-0.43,0.45,-1.62,-0.22,0.89,2.38,2.51,3.02,1.24,2.64,5.26,4.15,3,2.82,1.95,0.71,0.83,1.59,0.39,0.93,0.09,1.22,-0.5,-0.35,1.74,0.61,-0.72,1.02,1.05,0.51,-0.25,1.83,-1.34,1.02,0.29,-1.09,-0.88,1
-0.04,0.96,1.33,3.53,2.93,5.82,3.52,3.75,4.12,1.73,4.33,3.75,2.07,1.43,-1.29,0.31,-1.79,0.01,0.64,0.32,-0.98,-0.01,-0.54,0.22,0.59,-0.8,-0.71,-1.21,-1.05,0.3,-1.03,-0.14,2.24,-0.7,-0.58,-0.15,0.28,-0.99,1.08,0.12,0
-0.53,-0.53,0.12,1.39,1.84,1.8,1.15,0.13,-0.1,3.54,0.44,3.72,2.85,3.48,3.16,4.55,0.75,1.85,1.45,-0.51,1.28,-0.02,-0.04,0.27,-0.37,-0.26,-1.23,-1.99,-0.62,-1.19,0.39,1.22,1.46,0.01,-0.39,0.22,0.05,-0.45,0.7,-0.9,0
1.09,0.27,-1.03,-0.76,-0.24,0.1,0.86,1.32,0.49,0.71,3.46,4.54,2.22,5.61,4.22,3.66,4.13,3.7,1.45,0.56,1.58,-0.1,0.29,0.95,-0.86,0.12,-0.54,-0.37,-1.57,-1.07,0.13,-1.23,-0.47,-2.24,1.58,2.02,0.83,-0.3,-0.52,-0.37,1
0.47,0.25,0.72,2.14,1.59,1.54,0.42,0.62,3.23,1.95,1.45,2.09,3.76,5.3,3.87,2.74,1.82,2.36,-0.31,1.53,-0.81,-0.06,-0.31,-1.85,-0.51,0.19,1.69,1.52,-1.09,0.42,-0.5,0.34,0.09,-1.31,0.86,-1.49,-1.15,-0.21,-1.83,1.46,0
0.46,-0.39,-0.81,1,-1.48,0.08,1.5,3.2,3.59,5.4,7.21,5.53,5.34,3.84,2.8,0.65,3.24,0.55,0.01,-0.17,-0.65,-0.96,0.22,1.78,-1.35,1.25,0.94,-0.37,-0.13,-1.01,-0.33,-0.02,-0.89,-0.34,-2.28,-0.95,-1.48,1.56,-1.54,-1.64,1
0.13,0.66,-0.5,-0.01,0.94,-0.35,0.78,0.72,0.61,4.19,4.59,3.95,3.89,3.61,3.93,3.99,1.83,0.16,0.77,0.82,0.04,2.53,-0.99,1.23,0.2,-0.19,-1.88,-0.21,-3.02,0.03,-0.53,-1.92,-0.09,0.18,-2.25,0.06,-1.04,0.07,0.14,-0.16,1
-1.27,-0.86,0.1,0.84,-0.32,-0.38,-0.22,1.27,1,1.24,3.26,2.6,3.19,4.6,5.42,5.53,4.69,1.25,0.61,2.02,1.09,0.09,0.13,-2.01,-0.76,-1.66,0.48,-0.21,-0.04,-0.66,1.16,-1.15,1.09,-0.71,0.49,0.74,-0.87,0.45,0.05,-0.63,0
0.3,-0.1,1.34,-0.08,2.62,1.7,3.07,3.01,5.36,5.65,4.11,4.09,3.48,3.28,0.45,1.37,-1.23,2.72,-1.43,0.63,-2.55,-0.3,0.56,0.65,-0.76,-1.43,0.5,-0.6,-1.41,0.13,-0.6,1.36,0.17,0.41,-0.78,0.24,-0.88,1.01,0.81,-0.06,1
-0.08,-1.62,0.57,-0.53,-1.68,-0.98,1.14,1.15,2.04,3.06,2.99,2.6,3.75,5.48,3.59,2.83,1.64,2.07,1.9,0.96,-0.06,1.75,-0.31,0.35,-0.41,0.21,-0.31,2.4,0.54,2.71,-0.03,-1.28,0.75,-0.74,0.85,0.11,-0.44,-0.23,-1.11,-0.62,1
-0.11,-0.12,1.84,0.51,-0.91,1.9,2.08,0.17,-0.38,0.83,2.34,3.97,2.5,3.71,5.37,5.54,3.36,2.23,2.52,0.73,-0.25,-0.61,-0.38,0.27,-1.86,1.42,0.97,-1.07,0.52,0.71,0.38,1.34,0.2,0.27,0.41,0.73,1.33,-0.09,-0.38,-0.74,1
1.08,0.79,1.45,3.26,4.06,4.36,6.07,3.97,4.22,2.03,3.44,1.35,0.43,-0.11,-0.78,0.5,1.21,-0.35,-0.94,0.38,0.72,-1.39,-0.3,0.17,-0.76,-0.26,-0.83,0.33,-0.54,-0.05,-0.14,-0.01,-0.43,-0.5,0.76,-0.32,-0.16,-0.18,1.27,0.71,0
-0.24,-0.51,-0.49,0.49,-1.53,-1.47,0.54,-1.17,2.53,2.42,1.29,2.88,2.69,4.4,5.39,4.39,4.59,4.54,1.39,-0.22,2.2,-0.86,-1.6,0.05,-0.75,2.17,0.36,-1.2,-0.5,-1.03,-1.55,1.62,0.75,0.11,0.34,2.24,-0.54,-0.78,0.16,0.2,1
0.52,1.22,-2.52,-0.3,-0.14,0.64,-0.26,-0.19,2.89,3.47,5.72,5.68,5.24,4.5,4.05,2.1,1.79,-0.2,2.58,-0.11,-0.64,1.2,-1.27,1.44,-0.08,-0.4,0.47,0.92,0.39,0.49,0.19,-0.08,0.71,0,0.23,-0.63,-0.39,1.11,0.94,-0.92,1
1.22,0.09,0.76,0.5,3.34,0.53,2.02,3.44,3.36,2.34,2.07,1.26,1.61,3,1.13,2.24,2.33,1.01,0.02,1.39,-1.99,-0.38,-1.79,-0.78,2.43,-0.01,-0.64,1.18,0.18,0.45,-2,0.82,-0.74,-0.2,-0.92,0.74,-1.74,-0.14,0.95,0.51,0
-1.39,-1.96,1.09,2,0.26,2.7,0.39,1.64,2.17,3.01,1.87,2.35,2.36,1.81,3.3,3.39,2.65,3.34,2.65,0.01,0.25,0.77,-1.78,0.08,0.37,-0.18,1.08,0.81,0.41,-0.36,0.58,-1.07,-0.93,-0.94,0.03,0.59,-1.58,-0.02,-1.31,0.86,0
-0.21,1.71,0.47,1.64,0.58,0.68,2.73,1.79,0.93,2.6,3.2,5.37,3.53,3.38,2.61,3.54,0.8,0.88,1.88,0.31,-2.26,-0.23,0.1,-0.29,-0.06,0.69,-0.69,-0.12,1.43,0.19,-0.88,1.4,1.73,-0.85,-0.29,0.46,0.33,-0.81,-1.66,-0.01,1
0.75,0.49,2.92,2.43,2.43,1.87,1.24,2.24,0.94,3.27,1.97,1.05,0.42,2.56,4.02,3.21,3.42,0.4,1.58,-1.78,0.29,-1.85,-0.43,-0.87,0.96,-0.44,-0.26,-1.89,-0.72,0.21,0.22,0.69,0.73,0.72,-1,-0.33,-0.23,0.87,0.22,0.82,0
-0.04,-0.57,0.5,0.61,-0.66,2.14,2.8,2.9,3.66,6.13,6.15,4.07,3.88,2.16,2.05,0,-0.32,0.64,-0.07,-0.28,1.45,0.97,0,0.01,1.04,-0.54,0.1,-0.65,-0.82,0.23,-0.29,0.11,-2.03,-1.91,-0.39,0.29,0.03,1.51,0.47,-0.41,0
-0.8,-0.93,-0.07,0.02,0.33,-1.2,-0.9,-1.09,-2.26,0.98,1.57,2.72,4.77,5.4,5.81,5.04,4.19,3.73,-0.43,-0.04,-1.38,0.91,1.05,0.34,1,-1.51,-0.75,0.39,0.4,-0.95,0.8,-0.84,0.36,0.18,-0.83,-0.35,-1.09,-1.94,0.01,-0.37,1
-0.21,-0.64,1.21,2.66,-0.07,1.7,2.54,1.51,3.02,2.93,6.78,5.19,2.96,2.26,2.06,2.59,0.18,0.56,-1.39,1.31,-0.14,2.67,-0.96,-0.07,0.62,1.13,0.47,1.13,-2.31,-0.84,-0.5,-0.39,-1.73,-2.63,-0.23,1.82,-0.75,-0.17,-1.2,-0.32,1
-0.68,-1.81,-0.66,2.73,1.04,0.22,2.22,2.6,1.8,1.13,3.77,5.06,5.85,3.2,2.07,2.59,1.08,1.03,-0.87,2.2,0.05,0.22,-0.14,1.15,-0.77,0.3,0.55,-1.61,-0.5,-2.28,0.56,0.13,1.5,0.32,0.39,1.14,-0.48,0.86,0.24,-0.89,1
0.22,-0.24,-0.9,1.36,4.37,3.08,2.64,3.86,3.52,1.82,4.07,2.99,1.66,1.12,0.03,0.15,-1.96,-0.46,0.06,1.39,-0.89,-0.16,0.91,0.28,1.03,-0.69,-0.36,0.5,0.99,0.5,-0.25,0.49,1.53,0.71,0.55,-0.1,0.82,-1.96,0.28,0.25,0
-0.52,0.61,2.36,3.22,2.65,4.91,4.41,4.74,3.52,3.93,3.41,3.07,0.75,-0.63,0.31,-0.12,-0.22,0.76,0.18,-0.34,1.31,-0.89,0.34,1.93,0.92,1.9,-1.03,1.04,0.45,-0.41,-0.45,-1.12,1.93,0.97,2.36,-0.81,0.26,-0.68,-0.74,-0.87,0
-1.19,1.07,1.47,-0.47,-0.41,-0.89,-0.33,1.77,3.21,3.51,3.6,3.45,6.64,4.73,4.17,2.69,0.46,2.33,0.83,1.2,1.57,0.59,0.54,1.97,-2.12,0.11,0.93,-0.26,-1.17,-0.58,0.07,0.91,0.46,1.36,-0.91,-0.14,-0.41,0.57,0.57,-1.17,1
0.13,0.64,3.7,3.44,1.82,3.4,6.17,5.05,4.85,1.92,1.99,0.87,0.01,-2.08,-1.24,-2.32,1.01,-1.14,-0.12,-0.48,0.16,-2.14,-0.22,-0.43,-0.11,-0.8,1.77,-0.27,-0.8,-1.88,-2.19,-0.23,-0.43,-1.74,-0.43,0.03,-0.49,-0.14,-0.62,2.01,0
0.17,1.08,0.64,-0.51,-1.73,0.57,2.28,3.07,4.49,5.07,5.57,3.83,4.5,3.84,1.53,1.33,1.49,-0.91,-0.88,2.27,-0.26,-1.05,2.04,-0.47,-0.36,-0.34,-0.22,0.89,-0.47,0.37,-1.32,0.81,-0.25,0.81,1.72,-0.49,-0.71,0.32,1.13,-0.36,0
-0.7,1.23,-0.39,2.33,1.6,1.69,1.18,1.5,0.46,3.79,1.67,1.8,0.89,4.48,2.37,1.74,3.12,0.57,0.07,1.37,0.79,1,-0.13,-0.76,1.33,-0.29,-0.34,0.71,1.67,-0.95,0.59,-1.08,0.65,-0.01,0.74,-0.9,-0.2,1.72,-0.14,-1.94,0
-0.47,0.07,1.46,2.21,2.88,3.07,3.49,6.02,2.59,1.1,3.31,2.86,3.52,2.9,2.88,2.11,2.65,1.07,1.81,-0.32,0.53,-0.04,-1.57,0.53,-0.07,0.37,-0.99,1.04,1.46,0.35,-0.19,1.3,-0.79,-1.36,-0.42,-1.48,0.28,-1.44,2.56,-1.18,0
0.51,-0.54,0.7,2.32,1.89,5.36,5.46,4.42,2,5.37,3.56,3.11,1.47,0.67,-0.87,2.33,1.23,0.1,-0.55,1.74,-0.3,-1.95,0.82,2.21,-0.78,0.49,0.11,0.1,-0.87,-0.03,0.54,0.29,-0.95,0.6,1.04,-1.09,2.03,1.33,-0.38,0.17,1
0.31,1.14,1.08,-2.07,-1.91,0.98,-1.68,0.72,0.83,0.35,2.89,2.98,4.3,4.54,6.35,3.58,4.05,-0.06,2.25,1.31,0.98,0.64,0.7,0.73,-0.45,-0.43,1.01,-0.92,-2.23,-0.15,-0.73,-0.76,-2.62,0.55,-1.69,0.54,0.94,1.49,-1.54,1.01,1
-1.34,1.29,-0.34,-0.46,1.4,0.9,0.92,0.36,0.43,0.51,2.62,3.11,4.53,5.79,4.42,4.45,3.8,1.86,1.51,2.03,0.03,1,1.54,1.11,-0.72,-1.24,0.4,2.18,-0.97,-1.86,1.74,0.04,-0.11,-1.3,0.7,0.77,-0.13,-1.09,-0.59,0.79,0
-0.37,0.67,-0.05,0.95,1.46,2.51,0.49,1.17,3.48,3.26,6.2,4.14,4.09,2.98,3.42,1.99,2.35,2.01,-1.71,-0.01,-0.63,-0.31,0.07,0.2,-0.35,-0.64,-0.34,-0.9,0.51,1.06,1.74,0.77,-1.5,-0.81,-1.1,1.67,-1.26,0.56,-2.97,-0.1,1
1.66,0.64,0.86,1.96,0.87,3.07,3.95,1.61,1.3,0.1,3.59,0.02,1.08,0.71,2.61,3.18,1.04,2.31,0.95,1.36,0.77,-0.56,-0.21,-0.9,0.46,-0.25,0.28,0.94,1.35,0.72,0.41,0.71,-0.13,3.85,1.46,0.76,0.51,-1.28,0.92,0.91,0
