sentenceID,gold_label
113000,1
113001,1
113002,1
113003,1
113004,1
113005,1
113006,1
113007,1
113008,1
113009,1
113010,1
113011,1
113012,1
113013,1
113014,1
113015,1
113016,1
113017,1
113018,1
113019,1
113020,1
113021,1
113022,1
113023,1
113024,1
113025,1
113026,1
113027,1
113028,1
113029,1
113030,1
113031,1
113032,1
113033,1
113034,1
113035,1
113036,1
113037,1
113038,1
113039,1
113040,1
113041,1
113042,1
113043,1
113044,1
113045,1
113046,1
113047,1
113048,1
113049,1
113050,1
113051,1
113052,1
113053,1
113054,1
113055,1
113056,1
113057,1
113058,1
113059,1
113060,1
113061,1
113062,1
113063,1
113064,1
113065,1
113066,1
113067,1
113068,1
113069,1
113070,1
113071,1
113072,1
113073,1
113074,1
113075,1
113076,1
113077,1
113078,1
113079,1
113080,1
113081,1
113082,1
113083,1
113084,1
113085,1
113086,1
113087,1
113088,1
113089,1
113090,1
113091,1
113092,1
113093,1
113094,1
113095,1
113096,1
113097,1
113098,1
113099,1
113100,1
113101,1
113102,1
113103,1
113104,1
113105,1
113106,1
113107,1
113108,1
113109,1
113110,1
113111,1
113112,1
113113,1
113114,1
113115,1
113116,1
113117,1
113118,1
113119,1
113120,1
113121,1
113122,1
113123,1
113124,1
113125,1
113126,1
113127,1
113128,1
113129,1
113130,1
113131,1
113132,1
113133,1
113134,1
113135,1
113136,1
113137,1
113138,1
113139,1
113140,1
113141,1
113142,1
113143,1
113144,1
113145,1
113146,1
113147,1
113148,1
113149,1
113150,1
113151,1
113152,1
113153,1
113154,1
113155,1
113156,1
113157,1
113158,1
113159,1
113160,1
113161,1
113162,1
113163,1
113164,1
113165,1
113166,1
113167,1
113168,1
113169,1
113170,1
113171,1
113172,1
113173,1
113174,1
113175,1
113176,1
113177,1
113178,1
113179,1
113180,1
113181,1
113182,1
113183,1
113184,1
113185,1
113186,1
113187,1
113188,1
113189,1
113190,1
113191,1
113192,1
113193,1
113194,1
113195,1
113196,1
113197,1
113198,1
113199,1
113200,1
113201,1
113202,1
113203,1
113204,1
113205,1
113206,1
113207,1
113208,1
113209,1
113210,1
113211,1
113212,1
113213,1
113214,1
113215,1
113216,1
113217,1
113218,1
113219,1
113220,1
113221,1
113222,1
113223,1
113224,1
113225,1
113226,1
113227,1
113228,1
113229,1
113230,1
113231,1
113232,1
113233,1
113234,1
113235,1
113236,1
113237,1
113238,1
113239,1
113240,1
113241,1
113242,1
113243,1
113244,1
113245,1
113246,1
113247,1
113248,1
113249,1
113250,1
113251,1
113252,1
113253,1
113254,1
113255,1
113256,1
113257,1
113258,1
113259,1
113260,1
113261,1
113262,1
113263,1
113264,1
113265,1
113266,1
113267,1
113268,1
113269,1
113270,1
113271,1
113272,1
113273,1
113274,1
113275,1
113276,1
113277,1
113278,1
113279,1
113280,1
113281,1
113282,1
113283,1
113284,1
113285,1
113286,1
113287,1
113288,1
113289,1
113290,1
113291,1
113292,1
113293,1
113294,1
113295,1
113296,1
113297,1
113298,1
113299,1
113300,1
113301,1
113302,1
113303,1
113304,1
113305,1
113306,1
113307,1
113308,1
113309,1
113310,1
113311,1
113312,1
113313,1
113314,1
113315,1
113316,1
113317,1
113318,1
113319,1
113320,1
113321,1
113322,1
113323,1
113324,1
113325,1
113326,1
113327,1
113328,1
113329,1
113330,1
113331,1
113332,1
113333,1
113334,1
113335,1
113336,1
113337,1
113338,1
113339,1
113340,1
113341,1
113342,1
113343,1
113344,1
113345,1
113346,1
113347,1
113348,1
113349,1
113350,1
113351,1
113352,1
113353,1
113354,1
113355,1
113356,1
113357,1
113358,1
113359,1
113360,1
113361,1
113362,1
113363,1
113364,1
113365,1
113366,1
113367,1
113368,1
113369,1
113370,1
113371,1
113372,1
113373,1
113374,1
113375,1
113376,1
113377,1
113378,1
113379,1
113380,1
113381,1
113382,1
113383,1
113384,1
113385,1
113386,1
113387,1
113388,1
113389,1
113390,1
113391,1
113392,1
113393,1
113394,1
113395,1
113396,1
113397,1
113398,1
113399,1
113400,1
113401,1
113402,1
113403,1
113404,1
113405,1
113406,1
113407,1
113408,1
113409,1
113410,1
113411,1
113412,1
113413,1
113414,1
113415,1
113416,1
113417,1
113418,1
113419,1
113420,1
113421,1
113422,1
113423,1
113424,1
113425,1
113426,1
113427,1
113428,1
113429,1
113430,1
113431,1
113432,1
113433,1
113434,1
113435,1
113436,1
113437,1
113438,1
113439,1
113440,1
113441,1
113442,1
113443,1
113444,1
113445,1
113446,1
113447,1
113448,1
113449,1
113450,1
113451,1
113452,1
113453,1
113454,1
113455,1
113456,1
113457,1
113458,1
113459,1
113460,1
113461,1
113462,1
113463,1
113464,1
113465,1
113466,1
113467,1
113468,1
113469,1
113470,1
113471,1
113472,1
113473,1
113474,1
113475,1
113476,1
113477,1
113478,1
113479,1
113480,1
113481,1
113482,1
113483,1
113484,1
113485,1
113486,1
113487,1
113488,1
113489,1
113490,1
113491,1
113492,1
113493,1
113494,1
113495,1
113496,1
113497,1
113498,1
113499,1
113500,1
113501,1
113502,1
113503,1
113504,1
113505,1
113506,1
113507,1
113508,1
113509,1
113510,1
113511,1
113512,1
113513,1
113514,1
113515,1
113516,1
113517,1
113518,1
113519,1
113520,1
113521,1
113522,1
113523,1
113524,1
113525,1
113526,1
113527,1
113528,1
113529,1
113530,1
113531,1
113532,1
113533,1
113534,1
113535,1
113536,1
113537,1
113538,1
113539,1
113540,1
113541,1
113542,1
113543,1
113544,1
113545,1
113546,1
113547,1
113548,1
113549,1
113550,1
113551,1
113552,1
113553,1
113554,1
113555,1
113556,1
113557,1
113558,1
113559,1
113560,1
113561,1
113562,1
113563,1
113564,1
113565,1
113566,1
113567,1
113568,1
113569,1
113570,1
113571,1
113572,1
113573,1
113574,1
113575,1
113576,1
113577,1
113578,1
113579,1
113580,1
113581,1
113582,1
113583,1
113584,1
113585,1
113586,1
113587,1
113588,1
113589,1
113590,1
113591,1
113592,1
113593,1
113594,1
113595,1
113596,1
113597,1
113598,1
113599,1
113600,1
113601,1
113602,1
113603,1
113604,1
113605,1
113606,1
113607,1
113608,1
113609,1
113610,1
113611,1
113612,1
113613,1
113614,1
113615,1
113616,1
113617,1
113618,1
113619,1
113620,1
113621,1
113622,1
113623,1
113624,1
113625,1
113626,1
113627,1
113628,1
113629,1
113630,1
113631,1
113632,1
113633,1
113634,1
113635,1
113636,1
113637,1
113638,1
113639,1
113640,1
113641,1
113642,1
113643,1
113644,1
113645,1
113646,1
113647,1
113648,1
113649,1
113650,1
113651,1
113652,1
113653,1
113654,1
113655,1
113656,1
113657,1
113658,1
113659,1
113660,1
113661,1
113662,1
113663,1
113664,1
113665,1
113666,1
113667,1
113668,1
113669,1
113670,1
113671,1
113672,1
113673,1
113674,1
113675,1
113676,1
113677,1
113678,1
113679,1
113680,1
113681,1
113682,1
113683,1
113684,1
113685,1
113686,1
113687,1
113688,1
113689,1
113690,1
113691,1
113692,1
113693,1
113694,1
113695,1
113696,1
113697,1
113698,1
113699,1
113700,1
113701,1
113702,1
113703,1
113704,1
113705,1
113706,1
113707,1
113708,1
113709,1
113710,1
113711,1
113712,1
113713,1
113714,1
113715,1
113716,1
113717,1
113718,1
113719,1
113720,1
113721,1
113722,1
113723,1
113724,1
113725,1
113726,1
113727,1
113728,1
113729,1
113730,1
113731,1
113732,1
113733,1
113734,1
113735,1
113736,1
113737,1
113738,1
113739,1
113740,1
113741,1
113742,1
113743,1
113744,1
113745,1
113746,1
113747,1
113748,1
113749,1
113750,1
113751,1
113752,1
113753,1
113754,1
113755,1
113756,1
113757,1
113758,1
113759,1
113760,1
113761,1
113762,1
113763,1
113764,1
113765,1
113766,1
113767,1
113768,1
113769,1
113770,1
113771,1
113772,1
113773,1
113774,1
113775,1
113776,1
113777,1
113778,1
113779,1
113780,1
113781,1
113782,1
113783,1
113784,1
113785,1
113786,1
113787,1
113788,1
113789,1
113790,1
113791,1
113792,1
113793,1
113794,1
113795,1
113796,1
113797,1
113798,1
113799,1
113800,1
113801,1
113802,1
113803,1
113804,1
113805,1
113806,1
113807,1
113808,1
113809,1
113810,1
113811,1
113812,1
113813,1
113814,1
113815,1
113816,1
113817,1
113818,1
113819,1
113820,1
113821,1
113822,1
113823,1
113824,1
113825,1
113826,1
113827,1
113828,1
113829,1
113830,1
113831,1
113832,1
113833,1
113834,1
113835,1
113836,1
113837,1
113838,1
113839,1
113840,1
113841,1
113842,1
113843,1
113844,1
113845,1
113846,1
113847,1
113848,1
113849,1
113850,1
113851,1
113852,1
113853,1
113854,1
113855,1
113856,1
113857,1
113858,1
113859,1
113860,1
113861,1
113862,1
113863,1
113864,1
113865,1
113866,1
113867,1
113868,1
113869,1
113870,1
113871,1
113872,1
113873,1
113874,1
113875,1
113876,1
113877,1
113878,1
113879,1
113880,1
113881,1
113882,1
113883,1
113884,1
113885,1
113886,1
113887,1
113888,1
113889,1
113890,1
113891,1
113892,1
113893,1
113894,1
113895,1
113896,1
113897,1
113898,1
113899,1
113900,1
113901,1
113902,1
113903,1
113904,1
113905,1
113906,1
113907,1
113908,1
113909,1
113910,1
113911,1
113912,1
113913,1
113914,1
113915,1
113916,1
113917,1
113918,1
113919,1
113920,1
113921,1
113922,1
113923,1
113924,1
113925,1
113926,1
113927,1
113928,1
113929,1
113930,1
113931,1
113932,1
113933,1
113934,1
113935,1
113936,1
113937,1
113938,1
113939,1
113940,1
113941,1
113942,1
113943,1
113944,1
113945,1
113946,1
113947,1
113948,1
113949,1
113950,1
113951,1
113952,1
113953,1
113954,1
113955,1
113956,1
113957,1
113958,1
113959,1
113960,1
113961,1
113962,1
113963,1
113964,1
113965,1
113966,1
113967,1
113968,1
113969,1
113970,1
113971,1
113972,1
113973,1
113974,1
113975,1
113976,1
113977,1
113978,1
113979,1
113980,1
113981,1
113982,1
113983,1
113984,1
113985,1
113986,1
113987,1
113988,1
113989,1
113990,1
113991,1
113992,1
113993,1
113994,1
113995,1
113996,1
113997,1
113998,1
113999,1
114000,1
114001,1
114002,1
114003,1
114004,1
114005,1
114006,1
114007,1
114008,1
114009,1
114010,1
114011,1
114012,1
114013,1
114014,1
114015,1
114016,1
114017,1
114018,1
114019,1
114020,1
114021,1
114022,1
114023,1
114024,1
114025,1
114026,1
114027,1
114028,1
114029,1
114030,1
114031,1
114032,1
114033,1
114034,1
114035,1
114036,1
114037,1
114038,1
114039,1
114040,1
114041,1
114042,1
114043,1
114044,1
114045,1
114046,1
114047,1
114048,1
114049,1
114050,1
114051,1
114052,1
114053,1
114054,1
114055,1
114056,1
114057,1
114058,1
114059,1
114060,1
114061,1
114062,1
114063,1
114064,1
114065,1
114066,1
114067,1
114068,1
114069,1
114070,1
114071,1
114072,1
114073,1
114074,1
114075,1
114076,1
114077,1
114078,1
114079,1
114080,1
114081,1
114082,1
114083,1
114084,1
114085,1
114086,1
114087,1
114088,1
114089,1
114090,1
114091,1
114092,1
114093,1
114094,1
114095,1
114096,1
114097,1
114098,1
114099,1
114100,1
114101,1
114102,1
114103,1
114104,1
114105,1
114106,1
114107,1
114108,1
114109,1
114110,1
114111,1
114112,1
114113,1
114114,1
114115,1
114116,1
114117,1
114118,1
114119,1
114120,1
114121,1
114122,1
114123,1
114124,1
114125,1
114126,1
114127,1
114128,1
114129,1
114130,1
114131,1
114132,1
114133,1
114134,1
114135,1
114136,1
114137,1
114138,1
114139,1
114140,1
114141,1
114142,1
114143,1
114144,1
114145,1
114146,1
114147,1
114148,1
114149,1
114150,1
114151,1
114152,1
114153,1
114154,1
114155,1
114156,1
114157,1
114158,1
114159,1
114160,1
114161,1
114162,1
114163,1
114164,1
114165,1
114166,1
114167,1
114168,1
114169,1
114170,1
114171,1
114172,1
114173,1
114174,1
114175,1
114176,1
114177,1
114178,1
114179,1
114180,1
114181,1
114182,1
114183,1
114184,1
114185,1
114186,1
114187,1
114188,1
114189,1
114190,1
114191,1
114192,1
114193,1
114194,1
114195,1
114196,1
114197,1
114198,1
114199,1
114200,1
114201,1
114202,1
114203,1
114204,1
114205,1
114206,1
114207,1
114208,1
114209,1
114210,1
114211,1
114212,1
114213,1
114214,1
114215,1
114216,1
114217,1
114218,1
114219,1
114220,1
114221,1
114222,1
114223,1
114224,1
114225,1
114226,1
114227,1
114228,1
114229,1
114230,1
114231,1
114232,1
114233,1
114234,1
114235,1
114236,1
114237,1
114238,1
114239,1
114240,1
114241,1
114242,1
114243,1
114244,1
114245,1
114246,1
114247,1
114248,1
114249,1
114250,1
114251,1
114252,1
114253,1
114254,1
114255,1
114256,1
114257,1
114258,1
114259,1
114260,1
114261,1
114262,1
114263,1
114264,1
114265,1
114266,1
114267,1
114268,1
114269,1
114270,1
114271,1
114272,1
114273,1
114274,1
114275,1
114276,1
114277,1
114278,1
114279,1
114280,1
114281,1
114282,1
114283,1
114284,1
114285,1
114286,1
114287,1
114288,1
114289,1
114290,1
114291,1
114292,1
114293,1
114294,1
114295,1
114296,1
114297,1
114298,1
114299,1
114300,1
114301,1
114302,1
114303,1
114304,1
114305,1
114306,1
114307,1
114308,1
114309,1
114310,1
114311,1
114312,1
114313,1
114314,1
114315,1
114316,1
114317,1
114318,1
114319,1
114320,1
114321,1
114322,1
114323,1
114324,1
114325,1
114326,1
114327,1
114328,1
114329,1
114330,1
114331,1
114332,1
114333,1
114334,1
114335,1
114336,1
114337,1
114338,1
114339,1
114340,1
114341,1
114342,1
114343,1
114344,1
114345,1
114346,1
114347,1
114348,1
114349,1
114350,1
114351,1
114352,1
114353,1
114354,1
114355,1
114356,1
114357,1
114358,1
114359,1
114360,1
114361,1
114362,1
114363,1
114364,1
114365,1
114366,1
114367,1
114368,1
114369,1
114370,1
114371,1
114372,1
114373,1
114374,1
114375,1
114376,1
114377,1
114378,1
114379,1
114380,1
114381,1
114382,1
114383,1
114384,1
114385,1
114386,1
114387,1
114388,1
114389,1
114390,1
114391,1
114392,1
114393,1
114394,1
114395,1
114396,1
114397,1
114398,1
114399,1
114400,1
114401,1
114402,1
114403,1
114404,1
114405,1
114406,1
114407,1
114408,1
114409,1
114410,1
114411,1
114412,1
114413,1
114414,1
114415,1
114416,1
114417,1
114418,1
114419,1
114420,1
114421,1
114422,1
114423,1
114424,1
114425,1
114426,1
114427,1
114428,1
114429,1
114430,1
114431,1
114432,1
114433,1
114434,1
114435,1
114436,1
114437,1
114438,1
114439,1
114440,1
114441,1
114442,1
114443,1
114444,1
114445,1
114446,1
114447,1
114448,1
114449,1
114450,1
114451,1
114452,1
114453,1
114454,1
114455,1
114456,1
114457,1
114458,1
114459,1
114460,1
114461,1
114462,1
114463,1
114464,1
114465,1
114466,1
114467,1
114468,1
114469,1
114470,1
114471,1
114472,1
114473,1
114474,1
114475,1
114476,1
114477,1
114478,1
114479,1
114480,1
114481,1
114482,1
114483,1
114484,1
114485,1
114486,1
114487,1
114488,1
114489,1
114490,1
114491,1
114492,1
114493,1
114494,1
114495,1
114496,1
114497,1
114498,1
114499,1
114500,1
114501,1
114502,1
114503,1
114504,1
114505,1
114506,1
114507,1
114508,1
114509,1
114510,1
114511,1
114512,1
114513,1
114514,1
114515,1
114516,1
114517,1
114518,1
114519,1
114520,1
114521,1
114522,1
114523,1
114524,1
114525,1
114526,1
114527,1
114528,1
114529,1
114530,1
114531,1
114532,1
114533,1
114534,1
114535,1
114536,1
114537,1
114538,1
114539,1
114540,1
114541,1
114542,1
114543,1
114544,1
114545,1
114546,1
114547,1
114548,1
114549,1
114550,1
114551,1
114552,1
114553,1
114554,1
114555,1
114556,1
114557,1
114558,1
114559,1
114560,1
114561,1
114562,1
114563,1
114564,1
114565,1
114566,1
114567,1
114568,1
114569,1
114570,1
114571,1
114572,1
114573,1
114574,1
114575,1
114576,1
114577,1
114578,1
114579,1
114580,1
114581,1
114582,1
114583,1
114584,1
114585,1
114586,1
114587,1
114588,1
114589,1
114590,1
114591,1
114592,1
114593,1
114594,1
114595,1
114596,1
114597,1
114598,1
114599,1
114600,1
114601,1
114602,1
114603,1
114604,1
114605,1
114606,1
114607,1
114608,1
114609,1
114610,1
114611,1
114612,1
114613,1
114614,1
114615,1
114616,1
114617,1
114618,1
114619,1
114620,1
114621,1
114622,1
114623,1
114624,1
114625,1
114626,1
114627,1
114628,1
114629,1
114630,1
114631,1
114632,1
114633,1
114634,1
114635,1
114636,1
114637,1
114638,1
114639,1
114640,1
114641,1
114642,1
114643,1
114644,1
114645,1
114646,1
114647,1
114648,1
114649,1
114650,1
114651,1
114652,1
114653,1
114654,1
114655,1
114656,1
114657,1
114658,1
114659,1
114660,1
114661,1
114662,1
114663,1
114664,1
114665,1
114666,1
114667,1
114668,1
114669,1
114670,1
114671,1
114672,1
114673,1
114674,1
114675,1
114676,1
114677,1
114678,1
114679,1
114680,1
114681,1
114682,1
114683,1
114684,1
114685,1
114686,1
114687,1
114688,1
114689,1
114690,1
114691,1
114692,1
114693,1
114694,1
114695,1
114696,1
114697,1
114698,1
114699,1
114700,1
114701,1
114702,1
114703,1
114704,1
114705,1
114706,1
114707,1
114708,1
114709,1
114710,1
114711,1
114712,1
114713,1
114714,1
114715,1
114716,1
114717,1
114718,1
114719,1
114720,1
114721,1
114722,1
114723,1
114724,1
114725,1
114726,1
114727,1
114728,1
114729,1
114730,1
114731,1
114732,1
114733,1
114734,1
114735,1
114736,1
114737,1
114738,1
114739,1
114740,1
114741,1
114742,1
114743,1
114744,1
114745,1
114746,1
114747,1
114748,1
114749,1
114750,1
114751,1
114752,1
114753,1
114754,1
114755,1
114756,1
114757,1
114758,1
114759,1
114760,1
114761,1
114762,1
114763,1
114764,1
114765,1
114766,1
114767,1
114768,1
114769,1
114770,1
114771,1
114772,1
114773,1
114774,1
114775,1
114776,1
114777,1
114778,1
114779,1
114780,1
114781,1
114782,1
114783,1
114784,1
114785,1
114786,1
114787,1
114788,1
114789,1
114790,1
114791,1
114792,1
114793,1
114794,1
114795,1
114796,1
114797,1
114798,1
114799,1
114800,1
114801,1
114802,1
114803,1
114804,1
114805,1
114806,1
114807,1
114808,1
114809,1
114810,1
114811,1
114812,1
114813,1
114814,1
114815,1
114816,1
114817,1
114818,1
114819,1
114820,1
114821,1
114822,1
114823,1
114824,1
114825,1
114826,1
114827,1
114828,1
114829,1
114830,1
114831,1
114832,1
114833,1
114834,1
114835,1
114836,1
114837,1
114838,1
114839,1
114840,1
114841,1
114842,1
114843,1
114844,1
114845,1
114846,1
114847,1
114848,1
114849,1
114850,1
114851,1
114852,1
114853,1
114854,1
114855,1
114856,1
114857,1
114858,1
114859,1
114860,1
114861,1
114862,1
114863,1
114864,1
114865,1
114866,1
114867,1
114868,1
114869,1
114870,1
114871,1
114872,1
114873,1
114874,1
114875,1
114876,1
114877,1
114878,1
114879,1
114880,1
114881,1
114882,1
114883,1
114884,1
114885,1
114886,1
114887,1
114888,1
114889,1
114890,1
114891,1
114892,1
114893,1
114894,1
114895,1
114896,1
114897,1
114898,1
114899,1
114900,1
114901,1
114902,1
114903,1
114904,1
114905,1
114906,1
114907,1
114908,1
114909,1
114910,1
114911,1
114912,1
114913,1
114914,1
114915,1
114916,1
114917,1
114918,1
114919,1
114920,1
114921,1
114922,1
114923,1
114924,1
114925,1
114926,1
114927,1
114928,1
114929,1
114930,1
114931,1
114932,1
114933,1
114934,1
114935,1
114936,1
114937,1
114938,1
114939,1
114940,1
114941,1
114942,1
114943,1
114944,1
114945,1
114946,1
114947,1
114948,1
114949,1
114950,1
114951,1
114952,1
114953,1
114954,1
114955,1
114956,1
114957,1
114958,1
114959,1
114960,1
114961,1
114962,1
114963,1
114964,1
114965,1
114966,1
114967,1
114968,1
114969,1
114970,1
114971,1
114972,1
114973,1
114974,1
114975,1
114976,1
114977,1
114978,1
114979,1
114980,1
114981,1
114982,1
114983,1
114984,1
114985,1
114986,1
114987,1
114988,1
114989,1
114990,1
114991,1
114992,1
114993,1
114994,1
114995,1
114996,1
114997,1
114998,1
114999,1
115000,1
115001,1
115002,1
115003,1
115004,1
115005,1
115006,1
115007,1
115008,1
115009,1
115010,1
115011,1
115012,1
115013,1
115014,1
115015,1
115016,1
115017,1
115018,1
115019,1
115020,1
115021,1
115022,1
115023,1
115024,1
115025,1
115026,1
115027,1
115028,1
115029,1
115030,1
115031,1
115032,1
115033,1
115034,1
115035,1
115036,1
115037,1
115038,1
115039,1
115040,1
115041,1
115042,1
115043,1
115044,1
115045,1
115046,1
115047,1
115048,1
115049,1
115050,1
115051,1
115052,1
115053,1
115054,1
115055,1
115056,1
115057,1
115058,1
115059,1
115060,1
115061,1
115062,1
115063,1
115064,1
115065,1
115066,1
115067,1
115068,1
115069,1
115070,1
115071,1
115072,1
115073,1
115074,1
115075,1
115076,1
115077,1
115078,1
115079,1
115080,1
115081,1
115082,1
115083,1
115084,1
115085,1
115086,1
115087,1
115088,1
115089,1
115090,1
115091,1
115092,1
115093,1
115094,1
115095,1
115096,1
115097,1
115098,1
115099,1
115100,1
115101,1
115102,1
115103,1
115104,1
115105,1
115106,1
115107,1
115108,1
115109,1
115110,1
115111,1
115112,1
115113,1
115114,1
115115,1
115116,1
115117,1
115118,1
115119,1
115120,1
115121,1
115122,1
115123,1
115124,1
115125,1
115126,1
115127,1
115128,1
115129,1
115130,1
115131,1
115132,1
115133,1
115134,1
115135,1
115136,1
115137,1
115138,1
115139,1
115140,1
115141,1
115142,1
115143,1
115144,1
115145,1
115146,1
115147,1
115148,1
115149,1
115150,1
115151,1
115152,1
115153,1
115154,1
115155,1
115156,1
115157,1
115158,1
115159,1
115160,1
115161,1
115162,1
115163,1
115164,1
115165,1
115166,1
115167,1
115168,1
115169,1
115170,1
115171,1
115172,1
115173,1
115174,1
115175,1
115176,1
115177,1
115178,1
115179,1
115180,1
115181,1
115182,1
115183,1
115184,1
115185,1
115186,1
115187,1
115188,1
115189,1
115190,1
115191,1
115192,1
115193,1
115194,1
115195,1
115196,1
115197,1
115198,1
115199,1
115200,1
115201,1
115202,1
115203,1
115204,1
115205,1
115206,1
115207,1
115208,1
115209,1
115210,1
115211,1
115212,1
115213,1
115214,1
115215,1
115216,1
115217,1
115218,1
115219,1
115220,1
115221,1
115222,1
115223,1
115224,1
115225,1
115226,1
115227,1
115228,1
115229,1
115230,1
115231,1
115232,1
115233,1
115234,1
115235,1
115236,1
115237,1
115238,1
115239,1
115240,1
115241,1
115242,1
115243,1
115244,1
115245,1
115246,1
115247,1
115248,1
115249,1
115250,1
115251,1
115252,1
115253,1
115254,1
115255,1
115256,1
115257,1
115258,1
115259,1
115260,1
115261,1
115262,1
115263,1
115264,1
115265,1
115266,1
115267,1
115268,1
115269,1
115270,1
115271,1
115272,1
115273,1
115274,1
115275,1
115276,1
115277,1
115278,1
115279,1
115280,1
115281,1
115282,1
115283,1
115284,1
115285,1
115286,1
115287,1
115288,1
115289,1
115290,1
115291,1
115292,1
115293,1
115294,1
115295,1
115296,1
115297,1
115298,1
115299,1
115300,1
115301,1
115302,1
115303,1
115304,1
115305,1
115306,1
115307,1
115308,1
115309,1
115310,1
115311,1
115312,1
115313,1
115314,1
115315,1
115316,1
115317,1
115318,1
115319,1
115320,1
115321,1
115322,1
115323,1
115324,1
115325,1
115326,1
115327,1
115328,1
115329,1
115330,1
115331,1
115332,1
115333,1
115334,1
115335,1
115336,1
115337,1
115338,1
115339,1
115340,1
115341,1
115342,1
115343,1
115344,1
115345,1
115346,1
115347,1
115348,1
115349,1
115350,1
115351,1
115352,1
115353,1
115354,1
115355,1
115356,1
115357,1
115358,1
115359,1
115360,1
115361,1
115362,1
115363,1
115364,1
115365,1
115366,1
115367,1
115368,1
115369,1
115370,1
115371,1
115372,1
115373,1
115374,1
115375,1
115376,1
115377,1
115378,1
115379,1
115380,1
115381,1
115382,1
115383,1
115384,1
115385,1
115386,1
115387,1
115388,1
115389,1
115390,1
115391,1
115392,1
115393,1
115394,1
115395,1
115396,1
115397,1
115398,1
115399,1
115400,1
115401,1
115402,1
115403,1
115404,1
115405,1
115406,1
115407,1
115408,1
115409,1
115410,1
115411,1
115412,1
115413,1
115414,1
115415,1
115416,1
115417,1
115418,1
115419,1
115420,1
115421,1
115422,1
115423,1
115424,1
115425,1
115426,1
115427,1
115428,1
115429,1
115430,1
115431,1
115432,1
115433,1
115434,1
115435,1
115436,1
115437,1
115438,1
115439,1
115440,1
115441,1
115442,1
115443,1
115444,1
115445,1
115446,1
115447,1
115448,1
115449,1
115450,1
115451,1
115452,1
115453,1
115454,1
115455,1
115456,1
115457,1
115458,1
115459,1
115460,1
115461,1
115462,1
115463,1
115464,1
115465,1
115466,1
115467,1
115468,1
115469,1
115470,1
115471,1
115472,1
115473,1
115474,1
115475,1
115476,1
115477,1
115478,1
115479,1
115480,1
115481,1
115482,1
115483,1
115484,1
115485,1
115486,1
115487,1
115488,1
115489,1
115490,1
115491,1
115492,1
115493,1
115494,1
115495,1
115496,1
115497,1
115498,1
115499,1
115500,1
115501,1
115502,1
115503,1
115504,1
115505,1
115506,1
115507,1
115508,1
115509,1
115510,1
115511,1
115512,1
115513,1
115514,1
115515,1
115516,1
115517,1
115518,1
115519,1
115520,1
115521,1
115522,1
115523,1
115524,1
115525,1
115526,1
115527,1
115528,1
115529,1
115530,1
115531,1
115532,1
115533,1
115534,1
115535,1
115536,1
115537,1
115538,1
115539,1
115540,1
115541,1
115542,1
115543,1
115544,1
115545,1
115546,1
115547,1
115548,1
115549,1
115550,1
115551,1
115552,1
115553,1
115554,1
115555,1
115556,1
115557,1
115558,1
115559,1
115560,1
115561,1
115562,1
115563,1
115564,1
115565,1
115566,1
115567,1
115568,1
115569,1
115570,1
115571,1
115572,1
115573,1
115574,1
115575,1
115576,1
115577,1
115578,1
115579,1
115580,1
115581,1
115582,1
115583,1
115584,1
115585,1
115586,1
115587,1
115588,1
115589,1
115590,1
115591,1
115592,1
115593,1
115594,1
115595,1
115596,1
115597,1
115598,1
115599,1
115600,1
115601,1
115602,1
115603,1
115604,1
115605,1
115606,1
115607,1
115608,1
115609,1
115610,1
115611,1
115612,1
115613,1
115614,1
115615,1
115616,1
115617,1
115618,1
115619,1
115620,1
115621,1
115622,1
115623,1
115624,1
115625,1
115626,1
115627,1
115628,1
115629,1
115630,1
115631,1
115632,1
115633,1
115634,1
115635,1
115636,1
115637,1
115638,1
115639,1
115640,1
115641,1
115642,1
115643,1
115644,1
115645,1
115646,1
115647,1
115648,1
115649,1
115650,1
115651,1
115652,1
115653,1
115654,1
115655,1
115656,1
115657,1
115658,1
115659,1
115660,1
115661,1
115662,1
115663,1
115664,1
115665,1
115666,1
115667,1
115668,1
115669,1
115670,1
115671,1
115672,1
115673,1
115674,1
115675,1
115676,1
115677,1
115678,1
115679,1
115680,1
115681,1
115682,1
115683,1
115684,1
115685,1
115686,1
115687,1
115688,1
115689,1
115690,1
115691,1
115692,1
115693,1
115694,1
115695,1
115696,1
115697,1
115698,1
115699,1
115700,1
115701,1
115702,1
115703,1
115704,1
115705,1
115706,1
115707,1
115708,1
115709,1
115710,1
115711,1
115712,1
115713,1
115714,1
115715,1
115716,1
115717,1
115718,1
115719,1
115720,1
115721,1
115722,1
115723,1
115724,1
115725,1
115726,1
115727,1
115728,1
115729,1
115730,1
115731,1
115732,1
115733,1
115734,1
115735,1
115736,1
115737,1
115738,1
115739,1
115740,1
115741,1
115742,1
115743,1
115744,1
115745,1
115746,1
115747,1
115748,1
115749,1
115750,1
115751,1
115752,1
115753,1
115754,1
115755,1
115756,1
115757,1
115758,1
115759,1
115760,1
115761,1
115762,1
115763,1
115764,1
115765,1
115766,1
115767,1
115768,1
115769,1
115770,1
115771,1
115772,1
115773,1
115774,1
115775,1
115776,1
115777,1
115778,1
115779,1
115780,1
115781,1
115782,1
115783,1
115784,1
115785,1
115786,1
115787,1
115788,1
115789,1
115790,1
115791,1
115792,1
115793,1
115794,1
115795,1
115796,1
115797,1
115798,1
115799,1
115800,1
115801,1
115802,1
115803,1
115804,1
115805,1
115806,1
115807,1
115808,1
115809,1
115810,1
115811,1
115812,1
115813,1
115814,1
115815,1
115816,1
115817,1
115818,1
115819,1
115820,1
115821,1
115822,1
115823,1
115824,1
115825,1
115826,1
115827,1
115828,1
115829,1
115830,1
115831,1
115832,1
115833,1
115834,1
115835,1
115836,1
115837,1
115838,1
115839,1
115840,1
115841,1
115842,1
115843,1
115844,1
115845,1
115846,1
115847,1
115848,1
115849,1
115850,1
115851,1
115852,1
115853,1
115854,1
115855,1
115856,1
115857,1
115858,1
115859,1
115860,1
115861,1
115862,1
115863,1
115864,1
115865,1
115866,1
115867,1
115868,1
115869,1
115870,1
115871,1
115872,1
115873,1
115874,1
115875,1
115876,1
115877,1
115878,1
115879,1
115880,1
115881,1
115882,1
115883,1
115884,1
115885,1
115886,1
115887,1
115888,1
115889,1
115890,1
115891,1
115892,1
115893,1
115894,1
115895,1
115896,1
115897,1
115898,1
115899,1
115900,1
115901,1
115902,1
115903,1
115904,1
115905,1
115906,1
115907,1
115908,1
115909,1
115910,1
115911,1
115912,1
115913,1
115914,1
115915,1
115916,1
115917,1
115918,1
115919,1
115920,1
115921,1
115922,1
115923,1
115924,1
115925,1
115926,1
115927,1
115928,1
115929,1
115930,1
115931,1
115932,1
115933,1
115934,1
115935,1
115936,1
115937,1
115938,1
115939,1
115940,1
115941,1
115942,1
115943,1
115944,1
115945,1
115946,1
115947,1
115948,1
115949,1
115950,1
115951,1
115952,1
115953,1
115954,1
115955,1
115956,1
115957,1
115958,1
115959,1
115960,1
115961,1
115962,1
115963,1
115964,1
115965,1
115966,1
115967,1
115968,1
115969,1
115970,1
115971,1
115972,1
115973,1
115974,1
115975,1
115976,1
115977,1
115978,1
115979,1
115980,1
115981,1
115982,1
115983,1
115984,1
115985,1
115986,1
115987,1
115988,1
115989,1
115990,1
115991,1
115992,1
115993,1
115994,1
115995,1
115996,1
115997,1
115998,1
115999,1
116000,1
116001,1
116002,1
116003,1
116004,1
116005,1
116006,1
116007,1
116008,1
116009,1
116010,1
116011,1
116012,1
116013,1
116014,1
116015,1
116016,1
116017,1
116018,1
116019,1
116020,1
116021,1
116022,1
116023,1
116024,1
116025,1
116026,1
116027,1
116028,1
116029,1
116030,1
116031,1
116032,1
116033,1
116034,1
116035,1
116036,1
116037,1
116038,1
116039,1
116040,1
116041,1
116042,1
116043,1
116044,1
116045,1
116046,1
116047,1
116048,1
116049,1
116050,1
116051,1
116052,1
116053,1
116054,1
116055,1
116056,1
116057,1
116058,1
116059,1
116060,1
116061,1
116062,1
116063,1
116064,1
116065,1
116066,1
116067,1
116068,1
116069,1
116070,1
116071,1
116072,1
116073,1
116074,1
116075,1
116076,1
116077,1
116078,1
116079,1
116080,1
116081,1
116082,1
116083,1
116084,1
116085,1
116086,1
116087,1
116088,1
116089,1
116090,1
116091,1
116092,1
116093,1
116094,1
116095,1
116096,1
116097,1
116098,1
116099,1
116100,1
116101,1
116102,1
116103,1
116104,1
116105,1
116106,1
116107,1
116108,1
116109,1
116110,1
116111,1
116112,1
116113,1
116114,1
116115,1
116116,1
116117,1
116118,1
116119,1
116120,1
116121,1
116122,1
116123,1
116124,1
116125,1
116126,1
116127,1
116128,1
116129,1
116130,1
116131,1
116132,1
116133,1
116134,1
116135,1
116136,1
116137,1
116138,1
116139,1
116140,1
116141,1
116142,1
116143,1
116144,1
116145,1
116146,1
116147,1
116148,1
116149,1
116150,1
116151,1
116152,1
116153,1
116154,1
116155,1
116156,1
116157,1
116158,1
116159,1
116160,1
116161,1
116162,1
116163,1
116164,1
116165,1
116166,1
116167,1
116168,1
116169,1
116170,1
116171,1
116172,1
116173,1
116174,1
116175,1
116176,1
116177,1
116178,1
116179,1
116180,1
116181,1
116182,1
116183,1
116184,1
116185,1
116186,1
116187,1
116188,1
116189,1
116190,1
116191,1
116192,1
116193,1
116194,1
116195,1
116196,1
116197,1
116198,1
116199,1
116200,1
116201,1
116202,1
116203,1
116204,1
116205,1
116206,1
116207,1
116208,1
116209,1
116210,1
116211,1
116212,1
116213,1
116214,1
116215,1
116216,1
116217,1
116218,1
116219,1
116220,1
116221,1
116222,1
116223,1
116224,1
116225,1
116226,1
116227,1
116228,1
116229,1
116230,1
116231,1
116232,1
116233,1
116234,1
116235,1
116236,1
116237,1
116238,1
116239,1
116240,1
116241,1
116242,1
116243,1
116244,1
116245,1
116246,1
116247,1
116248,1
116249,1
116250,1
116251,1
116252,1
116253,1
116254,1
116255,1
116256,1
116257,1
116258,1
116259,1
116260,1
116261,1
116262,1
116263,1
116264,1
116265,1
116266,1
116267,1
116268,1
116269,1
116270,1
116271,1
116272,1
116273,1
116274,1
116275,1
116276,1
116277,1
116278,1
116279,1
116280,1
116281,1
116282,1
116283,1
116284,1
116285,1
116286,1
116287,1
116288,1
116289,1
116290,1
116291,1
116292,1
116293,1
116294,1
116295,1
116296,1
116297,1
116298,1
116299,1
116300,1
116301,1
116302,1
116303,1
116304,1
116305,1
116306,1
116307,1
116308,1
116309,1
116310,1
116311,1
116312,1
116313,1
116314,1
116315,1
116316,1
116317,1
116318,1
116319,1
116320,1
116321,1
116322,1
116323,1
116324,1
116325,1
116326,1
116327,1
116328,1
116329,1
116330,1
116331,1
116332,1
116333,1
116334,1
116335,1
116336,1
116337,1
116338,1
116339,1
116340,1
116341,1
116342,1
116343,1
116344,1
116345,1
116346,1
116347,1
116348,1
116349,1
116350,1
116351,1
116352,1
116353,1
116354,1
116355,1
116356,1
116357,1
116358,1
116359,1
116360,1
116361,1
116362,1
116363,1
116364,1
116365,1
116366,1
116367,1
116368,1
116369,1
116370,1
116371,1
116372,1
116373,1
116374,1
116375,1
116376,1
116377,1
116378,1
116379,1
116380,1
116381,1
116382,1
116383,1
116384,1
116385,1
116386,1
116387,1
116388,1
116389,1
116390,1
116391,1
116392,1
116393,1
116394,1
116395,1
116396,1
116397,1
116398,1
116399,1
116400,1
116401,1
116402,1
116403,1
116404,1
116405,1
116406,1
116407,1
116408,1
116409,1
116410,1
116411,1
116412,1
116413,1
116414,1
116415,1
116416,1
116417,1
116418,1
116419,1
116420,1
116421,1
116422,1
116423,1
116424,1
116425,1
116426,1
116427,1
116428,1
116429,1
116430,1
116431,1
116432,1
116433,1
116434,1
116435,1
116436,1
116437,1
116438,1
116439,1
116440,1
116441,1
116442,1
116443,1
116444,1
116445,1
116446,1
116447,1
116448,1
116449,1
116450,1
116451,1
116452,1
116453,1
116454,1
116455,1
116456,1
116457,1
116458,1
116459,1
116460,1
116461,1
116462,1
116463,1
116464,1
116465,1
116466,1
116467,1
116468,1
116469,1
116470,1
116471,1
116472,1
116473,1
116474,1
116475,1
116476,1
116477,1
116478,1
116479,1
116480,1
116481,1
116482,1
116483,1
116484,1
116485,1
116486,1
116487,1
116488,1
116489,1
116490,1
116491,1
116492,1
116493,1
116494,1
116495,1
116496,1
116497,1
116498,1
116499,1
116500,1
116501,1
116502,1
116503,1
116504,1
116505,1
116506,1
116507,1
116508,1
116509,1
116510,1
116511,1
116512,1
116513,1
116514,1
116515,1
116516,1
116517,1
116518,1
116519,1
116520,1
116521,1
116522,1
116523,1
116524,1
116525,1
116526,1
116527,1
116528,1
116529,1
116530,1
116531,1
116532,1
116533,1
116534,1
116535,1
116536,1
116537,1
116538,1
116539,1
116540,1
116541,1
116542,1
116543,1
116544,1
116545,1
116546,1
116547,1
116548,1
116549,1
116550,1
116551,1
116552,1
116553,1
116554,1
116555,1
116556,1
116557,1
116558,1
116559,1
116560,1
116561,1
116562,1
116563,1
116564,1
116565,1
116566,1
116567,1
116568,1
116569,1
116570,1
116571,1
116572,1
116573,1
116574,1
116575,1
116576,1
116577,1
116578,1
116579,1
116580,1
116581,1
116582,1
116583,1
116584,1
116585,1
116586,1
116587,1
116588,1
116589,1
116590,1
116591,1
116592,1
116593,1
116594,1
116595,1
116596,1
116597,1
116598,1
116599,1
116600,1
116601,1
116602,1
116603,1
116604,1
116605,1
116606,1
116607,1
116608,1
116609,1
116610,1
116611,1
116612,1
116613,1
116614,1
116615,1
116616,1
116617,1
116618,1
116619,1
116620,1
116621,1
116622,1
116623,1
116624,1
116625,1
116626,1
116627,1
116628,1
116629,1
116630,1
116631,1
116632,1
116633,1
116634,1
116635,1
116636,1
116637,1
116638,1
116639,1
116640,1
116641,1
116642,1
116643,1
116644,1
116645,1
116646,1
116647,1
116648,1
116649,1
116650,1
116651,1
116652,1
116653,1
116654,1
116655,1
116656,1
116657,1
116658,1
116659,1
116660,1
116661,1
116662,1
116663,1
116664,1
116665,1
116666,1
116667,1
116668,1
116669,1
116670,1
116671,1
116672,1
116673,1
116674,1
116675,1
116676,1
116677,1
116678,1
116679,1
116680,1
116681,1
116682,1
116683,1
116684,1
116685,1
116686,1
116687,1
116688,1
116689,1
116690,1
116691,1
116692,1
116693,1
116694,1
116695,1
116696,1
116697,1
116698,1
116699,1
116700,1
116701,1
116702,1
116703,1
116704,1
116705,1
116706,1
116707,1
116708,1
116709,1
116710,1
116711,1
116712,1
116713,1
116714,1
116715,1
116716,1
116717,1
116718,1
116719,1
116720,1
116721,1
116722,1
116723,1
116724,1
116725,1
116726,1
116727,1
116728,1
116729,1
116730,1
116731,1
116732,1
116733,1
116734,1
116735,1
116736,1
116737,1
116738,1
116739,1
116740,1
116741,1
116742,1
116743,1
116744,1
116745,1
116746,1
116747,1
116748,1
116749,1
116750,1
116751,1
116752,1
116753,1
116754,1
116755,1
116756,1
116757,1
116758,1
116759,1
116760,1
116761,1
116762,1
116763,1
116764,1
116765,1
116766,1
116767,1
116768,1
116769,1
116770,1
116771,1
116772,1
116773,1
116774,1
116775,1
116776,1
116777,1
116778,1
116779,1
116780,1
116781,1
116782,1
116783,1
116784,1
116785,1
116786,1
116787,1
116788,1
116789,1
116790,1
116791,1
116792,1
116793,1
116794,1
116795,1
116796,1
116797,1
116798,1
116799,1
116800,1
116801,1
116802,1
116803,1
116804,1
116805,1
116806,1
116807,1
116808,1
116809,1
116810,1
116811,1
116812,1
116813,1
116814,1
116815,1
116816,1
116817,1
116818,1
116819,1
116820,1
116821,1
116822,1
116823,1
116824,1
116825,1
116826,1
116827,1
116828,1
116829,1
116830,1
116831,1
116832,1
116833,1
116834,1
116835,1
116836,1
116837,1
116838,1
116839,1
116840,1
116841,1
116842,1
116843,1
116844,1
116845,1
116846,1
116847,1
116848,1
116849,1
116850,1
116851,1
116852,1
116853,1
116854,1
116855,1
116856,1
116857,1
116858,1
116859,1
116860,1
116861,1
116862,1
116863,1
116864,1
116865,1
116866,1
116867,1
116868,1
116869,1
116870,1
116871,1
116872,1
116873,1
116874,1
116875,1
116876,1
116877,1
116878,1
116879,1
116880,1
116881,1
116882,1
116883,1
116884,1
116885,1
116886,1
116887,1
116888,1
116889,1
116890,1
116891,1
116892,1
116893,1
116894,1
116895,1
116896,1
116897,1
116898,1
116899,1
116900,1
116901,1
116902,1
116903,1
116904,1
116905,1
116906,1
116907,1
116908,1
116909,1
116910,1
116911,1
116912,1
116913,1
116914,1
116915,1
116916,1
116917,1
116918,1
116919,1
116920,1
116921,1
116922,1
116923,1
116924,1
116925,1
116926,1
116927,1
116928,1
116929,1
116930,1
116931,1
116932,1
116933,1
116934,1
116935,1
116936,1
116937,1
116938,1
116939,1
116940,1
116941,1
116942,1
116943,1
116944,1
116945,1
116946,1
116947,1
116948,1
116949,1
116950,1
116951,1
116952,1
116953,1
116954,1
116955,1
116956,1
116957,1
116958,1
116959,1
116960,1
116961,1
116962,1
116963,1
116964,1
116965,1
116966,1
116967,1
116968,1
116969,1
116970,1
116971,1
116972,1
116973,1
116974,1
116975,1
116976,1
116977,1
116978,1
116979,1
116980,1
116981,1
116982,1
116983,1
116984,1
116985,1
116986,1
116987,1
116988,1
116989,1
116990,1
116991,1
116992,1
116993,1
116994,1
116995,1
116996,1
116997,1
116998,1
116999,1
117000,1
117001,1
117002,1
117003,1
117004,1
117005,1
117006,1
117007,1
117008,1
117009,1
117010,1
117011,1
117012,1
117013,1
117014,1
117015,1
117016,1
117017,1
117018,1
117019,1
117020,1
117021,1
117022,1
117023,1
117024,1
117025,1
117026,1
117027,1
117028,1
117029,1
117030,1
117031,1
117032,1
117033,1
117034,1
117035,1
117036,1
117037,1
117038,1
117039,1
117040,1
117041,1
117042,1
117043,1
117044,1
117045,1
117046,1
117047,1
117048,1
117049,1
117050,1
117051,1
117052,1
117053,1
117054,1
117055,1
117056,1
117057,1
117058,1
117059,1
117060,1
117061,1
117062,1
117063,1
117064,1
117065,1
117066,1
117067,1
117068,1
117069,1
117070,1
117071,1
117072,1
117073,1
117074,1
117075,1
117076,1
117077,1
117078,1
117079,1
117080,1
117081,1
117082,1
117083,1
117084,1
117085,1
117086,1
117087,1
117088,1
117089,1
117090,1
117091,1
117092,1
117093,1
117094,1
117095,1
117096,1
117097,1
117098,1
117099,1
117100,1
117101,1
117102,1
117103,1
117104,1
117105,1
117106,1
117107,1
117108,1
117109,1
117110,1
117111,1
117112,1
117113,1
117114,1
117115,1
117116,1
117117,1
117118,1
117119,1
117120,1
117121,1
117122,1
117123,1
117124,1
117125,1
117126,1
117127,1
117128,1
117129,1
117130,1
117131,1
117132,1
117133,1
117134,1
117135,1
117136,1
117137,1
117138,1
117139,1
117140,1
117141,1
117142,1
117143,1
117144,1
117145,1
117146,1
117147,1
117148,1
117149,1
117150,1
117151,1
117152,1
117153,1
117154,1
117155,1
117156,1
117157,1
117158,1
117159,1
117160,1
117161,1
117162,1
117163,1
117164,1
117165,1
117166,1
117167,1
117168,1
117169,1
117170,1
117171,1
117172,1
117173,1
117174,1
117175,1
117176,1
117177,1
117178,1
117179,1
117180,1
117181,1
117182,1
117183,1
117184,1
117185,1
117186,1
117187,1
117188,1
117189,1
117190,1
117191,1
117192,1
117193,1
117194,1
117195,1
117196,1
117197,1
117198,1
117199,1
117200,1
117201,1
117202,1
117203,1
117204,1
117205,1
117206,1
117207,1
117208,1
117209,1
117210,1
117211,1
117212,1
117213,1
117214,1
117215,1
117216,1
117217,1
117218,1
117219,1
117220,1
117221,1
117222,1
117223,1
117224,1
117225,1
117226,1
117227,1
117228,1
117229,1
117230,1
117231,1
117232,1
117233,1
117234,1
117235,1
117236,1
117237,1
117238,1
117239,1
117240,1
117241,1
117242,1
117243,1
117244,1
117245,1
117246,1
117247,1
117248,1
117249,1
117250,1
117251,1
117252,1
117253,1
117254,1
117255,1
117256,1
117257,1
117258,1
117259,1
117260,1
117261,1
117262,1
117263,1
117264,1
117265,1
117266,1
117267,1
117268,1
117269,1
117270,1
117271,1
117272,1
117273,1
117274,1
117275,1
117276,1
117277,1
117278,1
117279,1
117280,1
117281,1
117282,1
117283,1
117284,1
117285,1
117286,1
117287,1
117288,1
117289,1
117290,1
117291,1
117292,1
117293,1
117294,1
117295,1
117296,1
117297,1
117298,1
117299,1
117300,1
117301,1
117302,1
117303,1
117304,1
117305,1
117306,1
117307,1
117308,1
117309,1
117310,1
117311,1
117312,1
117313,1
117314,1
117315,1
117316,1
117317,1
117318,1
117319,1
117320,1
117321,1
117322,1
117323,1
117324,1
117325,1
117326,1
117327,1
117328,1
117329,1
117330,1
117331,1
117332,1
117333,1
117334,1
117335,1
117336,1
117337,1
117338,1
117339,1
117340,1
117341,1
117342,1
117343,1
117344,1
117345,1
117346,1
117347,1
117348,1
117349,1
117350,1
117351,1
117352,1
117353,1
117354,1
117355,1
117356,1
117357,1
117358,1
117359,1
117360,1
117361,1
117362,1
117363,1
117364,1
117365,1
117366,1
117367,1
117368,1
117369,1
117370,1
117371,1
117372,1
117373,1
117374,1
117375,1
117376,1
117377,1
117378,1
117379,1
117380,1
117381,1
117382,1
117383,1
117384,1
117385,1
117386,1
117387,1
117388,1
117389,1
117390,1
117391,1
117392,1
117393,1
117394,1
117395,1
117396,1
117397,1
117398,1
117399,1
117400,1
117401,1
117402,1
117403,1
117404,1
117405,1
117406,1
117407,1
117408,1
117409,1
117410,1
117411,1
117412,1
117413,1
117414,1
117415,1
117416,1
117417,1
117418,1
117419,1
117420,1
117421,1
117422,1
117423,1
117424,1
117425,1
117426,1
117427,1
117428,1
117429,1
117430,1
117431,1
117432,1
117433,1
117434,1
117435,1
117436,1
117437,1
117438,1
117439,1
117440,1
117441,1
117442,1
117443,1
117444,1
117445,1
117446,1
117447,1
117448,1
117449,1
117450,1
117451,1
117452,1
117453,1
117454,1
117455,1
117456,1
117457,1
117458,1
117459,1
117460,1
117461,1
117462,1
117463,1
117464,1
117465,1
117466,1
117467,1
117468,1
117469,1
117470,1
117471,1
117472,1
117473,1
117474,1
117475,1
117476,1
117477,1
117478,1
117479,1
117480,1
117481,1
117482,1
117483,1
117484,1
117485,1
117486,1
117487,1
117488,1
117489,1
117490,1
117491,1
117492,1
117493,1
117494,1
117495,1
117496,1
117497,1
117498,1
117499,1
117500,1
117501,1
117502,1
117503,1
117504,1
117505,1
117506,1
117507,1
117508,1
117509,1
117510,1
117511,1
117512,1
117513,1
117514,1
117515,1
117516,1
117517,1
117518,1
117519,1
117520,1
117521,1
117522,1
117523,1
117524,1
117525,1
117526,1
117527,1
117528,1
117529,1
117530,1
117531,1
117532,1
117533,1
117534,1
117535,1
117536,1
117537,1
117538,1
117539,1
117540,1
117541,1
117542,1
117543,1
117544,1
117545,1
117546,1
117547,1
117548,1
117549,1
117550,1
117551,1
117552,1
117553,1
117554,1
117555,1
117556,1
117557,1
117558,1
117559,1
117560,1
117561,1
117562,1
117563,1
117564,1
117565,1
117566,1
117567,1
117568,1
117569,1
117570,1
117571,1
117572,1
117573,1
117574,1
117575,1
117576,1
117577,1
117578,1
117579,1
117580,1
117581,1
117582,1
117583,1
117584,1
117585,1
117586,1
117587,1
117588,1
117589,1
117590,1
117591,1
117592,1
117593,1
117594,1
117595,1
117596,1
117597,1
117598,1
117599,1
117600,1
117601,1
117602,1
117603,1
117604,1
117605,1
117606,1
117607,1
117608,1
117609,1
117610,1
117611,1
117612,1
117613,1
117614,1
117615,1
117616,1
117617,1
117618,1
117619,1
117620,1
117621,1
117622,1
117623,1
117624,1
117625,1
117626,1
117627,1
117628,1
117629,1
117630,1
117631,1
117632,1
117633,1
117634,1
117635,1
117636,1
117637,1
117638,1
117639,1
117640,1
117641,1
117642,1
117643,1
117644,1
117645,1
117646,1
117647,1
117648,1
117649,1
117650,1
117651,1
117652,1
117653,1
117654,1
117655,1
117656,1
117657,1
117658,1
117659,1
117660,1
117661,1
117662,1
117663,1
117664,1
117665,1
117666,1
117667,1
117668,1
117669,1
117670,1
117671,1
117672,1
117673,1
117674,1
117675,1
117676,1
117677,1
117678,1
117679,1
117680,1
117681,1
117682,1
117683,1
117684,1
117685,1
117686,1
117687,1
117688,1
117689,1
117690,1
117691,1
117692,1
117693,1
117694,1
117695,1
117696,1
117697,1
117698,1
117699,1
117700,1
117701,1
117702,1
117703,1
117704,1
117705,1
117706,1
117707,1
117708,1
117709,1
117710,1
117711,1
117712,1
117713,1
117714,1
117715,1
117716,1
117717,1
117718,1
117719,1
117720,1
117721,1
117722,1
117723,1
117724,1
117725,1
117726,1
117727,1
117728,1
117729,1
117730,1
117731,1
117732,1
117733,1
117734,1
117735,1
117736,1
117737,1
117738,1
117739,1
117740,1
117741,1
117742,1
117743,1
117744,1
117745,1
117746,1
117747,1
117748,1
117749,1
117750,1
117751,1
117752,1
117753,1
117754,1
117755,1
117756,1
117757,1
117758,1
117759,1
117760,1
117761,1
117762,1
117763,1
117764,1
117765,1
117766,1
117767,1
117768,1
117769,1
117770,1
117771,1
117772,1
117773,1
117774,1
117775,1
117776,1
117777,1
117778,1
117779,1
117780,1
117781,1
117782,1
117783,1
117784,1
117785,1
117786,1
117787,1
117788,1
117789,1
117790,1
117791,1
117792,1
117793,1
117794,1
117795,1
117796,1
117797,1
117798,1
117799,1
117800,1
117801,1
117802,1
117803,1
117804,1
117805,1
117806,1
117807,1
117808,1
117809,1
117810,1
117811,1
117812,1
117813,1
117814,1
117815,1
117816,1
117817,1
117818,1
117819,1
117820,1
117821,1
117822,1
117823,1
117824,1
117825,1
117826,1
117827,1
117828,1
117829,1
117830,1
117831,1
117832,1
117833,1
117834,1
117835,1
117836,1
117837,1
117838,1
117839,1
117840,1
117841,1
117842,1
117843,1
117844,1
117845,1
117846,1
117847,1
117848,1
117849,1
117850,1
117851,1
117852,1
117853,1
117854,1
117855,1
117856,1
117857,1
117858,1
117859,1
117860,1
117861,1
117862,1
117863,1
117864,1
117865,1
117866,1
117867,1
117868,1
117869,1
117870,1
117871,1
117872,1
117873,1
117874,1
117875,1
117876,1
117877,1
117878,1
117879,1
117880,1
117881,1
117882,1
117883,1
117884,1
117885,1
117886,1
117887,1
117888,1
117889,1
117890,1
117891,1
117892,1
117893,1
117894,1
117895,1
117896,1
117897,1
117898,1
117899,1
117900,1
117901,1
117902,1
117903,1
117904,1
117905,1
117906,1
117907,1
117908,1
117909,1
117910,1
117911,1
117912,1
117913,1
117914,1
117915,1
117916,1
117917,1
117918,1
117919,1
117920,1
117921,1
117922,1
117923,1
117924,1
117925,1
117926,1
117927,1
117928,1
117929,1
117930,1
117931,1
117932,1
117933,1
117934,1
117935,1
117936,1
117937,1
117938,1
117939,1
117940,1
117941,1
117942,1
117943,1
117944,1
117945,1
117946,1
117947,1
117948,1
117949,1
117950,1
117951,1
117952,1
117953,1
117954,1
117955,1
117956,1
117957,1
117958,1
117959,1
117960,1
117961,1
117962,1
117963,1
117964,1
117965,1
117966,1
117967,1
117968,1
117969,1
117970,1
117971,1
117972,1
117973,1
117974,1
117975,1
117976,1
117977,1
117978,1
117979,1
117980,1
117981,1
117982,1
117983,1
117984,1
117985,1
117986,1
117987,1
117988,1
117989,1
117990,1
117991,1
117992,1
117993,1
117994,1
117995,1
117996,1
117997,1
117998,1
117999,1
118000,1
118001,1
118002,1
118003,1
118004,1
118005,1
118006,1
118007,1
118008,1
118009,1
118010,1
118011,1
118012,1
118013,1
118014,1
118015,1
118016,1
118017,1
118018,1
118019,1
118020,1
118021,1
118022,1
118023,1
118024,1
118025,1
118026,1
118027,1
118028,1
118029,1
118030,1
118031,1
118032,1
118033,1
118034,1
118035,1
118036,1
118037,1
118038,1
118039,1
118040,1
118041,1
118042,1
118043,1
118044,1
118045,1
118046,1
118047,1
118048,1
118049,1
118050,1
118051,1
118052,1
118053,1
118054,1
118055,1
118056,1
118057,1
118058,1
118059,1
118060,1
118061,1
118062,1
118063,1
118064,1
118065,1
118066,1
118067,1
118068,1
118069,1
118070,1
118071,1
118072,1
118073,1
118074,1
118075,1
118076,1
118077,1
118078,1
118079,1
118080,1
118081,1
118082,1
118083,1
118084,1
118085,1
118086,1
118087,1
118088,1
118089,1
118090,1
118091,1
118092,1
118093,1
118094,1
118095,1
118096,1
118097,1
118098,1
118099,1
118100,1
118101,1
118102,1
118103,1
118104,1
118105,1
118106,1
118107,1
118108,1
118109,1
118110,1
118111,1
118112,1
118113,1
118114,1
118115,1
118116,1
118117,1
118118,1
118119,1
118120,1
118121,1
118122,1
118123,1
118124,1
118125,1
118126,1
118127,1
118128,1
118129,1
118130,1
118131,1
118132,1
118133,1
118134,1
118135,1
118136,1
118137,1
118138,1
118139,1
118140,1
118141,1
118142,1
118143,1
118144,1
118145,1
118146,1
118147,1
118148,1
118149,1
118150,1
118151,1
118152,1
118153,1
118154,1
118155,1
118156,1
118157,1
118158,1
118159,1
118160,1
118161,1
118162,1
118163,1
118164,1
118165,1
118166,1
118167,1
118168,1
118169,1
118170,1
118171,1
118172,1
118173,1
118174,1
118175,1
118176,1
118177,1
118178,1
118179,1
118180,1
118181,1
118182,1
118183,1
118184,1
118185,1
118186,1
118187,1
118188,1
118189,1
118190,1
118191,1
118192,1
118193,1
118194,1
118195,1
118196,1
118197,1
118198,1
118199,1
118200,1
118201,1
118202,1
118203,1
118204,1
118205,1
118206,1
118207,1
118208,1
118209,1
118210,1
118211,1
118212,1
118213,1
118214,1
118215,1
118216,1
118217,1
118218,1
118219,1
118220,1
118221,1
118222,1
118223,1
118224,1
118225,1
118226,1
118227,1
118228,1
118229,1
118230,1
118231,1
118232,1
118233,1
118234,1
118235,1
118236,1
118237,1
118238,1
118239,1
118240,1
118241,1
118242,1
118243,1
118244,1
118245,1
118246,1
118247,1
118248,1
118249,1
118250,1
118251,1
118252,1
118253,1
118254,1
118255,1
118256,1
118257,1
118258,1
118259,1
118260,1
118261,1
118262,1
118263,1
118264,1
118265,1
118266,1
118267,1
118268,1
118269,1
118270,1
118271,1
118272,1
118273,1
118274,1
118275,1
118276,1
118277,1
118278,1
118279,1
118280,1
118281,1
118282,1
118283,1
118284,1
118285,1
118286,1
118287,1
118288,1
118289,1
118290,1
118291,1
118292,1
118293,1
118294,1
118295,1
118296,1
118297,1
118298,1
118299,1
118300,1
118301,1
118302,1
118303,1
118304,1
118305,1
118306,1
118307,1
118308,1
118309,1
118310,1
118311,1
118312,1
118313,1
118314,1
118315,1
118316,1
118317,1
118318,1
118319,1
118320,1
118321,1
118322,1
118323,1
118324,1
118325,1
118326,1
118327,1
118328,1
118329,1
118330,1
118331,1
118332,1
118333,1
118334,1
118335,1
118336,1
118337,1
118338,1
118339,1
118340,1
118341,1
118342,1
118343,1
118344,1
118345,1
118346,1
118347,1
118348,1
118349,1
118350,1
118351,1
118352,1
118353,1
118354,1
118355,1
118356,1
118357,1
118358,1
118359,1
118360,1
118361,1
118362,1
118363,1
118364,1
118365,1
118366,1
118367,1
118368,1
118369,1
118370,1
118371,1
118372,1
118373,1
118374,1
118375,1
118376,1
118377,1
118378,1
118379,1
118380,1
118381,1
118382,1
118383,1
118384,1
118385,1
118386,1
118387,1
118388,1
118389,1
118390,1
118391,1
118392,1
118393,1
118394,1
118395,1
118396,1
118397,1
118398,1
118399,1
118400,1
118401,1
118402,1
118403,1
118404,1
118405,1
118406,1
118407,1
118408,1
118409,1
118410,1
118411,1
118412,1
118413,1
118414,1
118415,1
118416,1
118417,1
118418,1
118419,1
118420,1
118421,1
118422,1
118423,1
118424,1
118425,1
118426,1
118427,1
118428,1
118429,1
118430,1
118431,1
118432,1
118433,1
118434,1
118435,1
118436,1
118437,1
118438,1
118439,1
118440,1
118441,1
118442,1
118443,1
118444,1
118445,1
118446,1
118447,1
118448,1
118449,1
118450,1
118451,1
118452,1
118453,1
118454,1
118455,1
118456,1
118457,1
118458,1
118459,1
118460,1
118461,1
118462,1
118463,1
118464,1
118465,1
118466,1
118467,1
118468,1
118469,1
118470,1
118471,1
118472,1
118473,1
118474,1
118475,1
118476,1
118477,1
118478,1
118479,1
118480,1
118481,1
118482,1
118483,1
118484,1
118485,1
118486,1
118487,1
118488,1
118489,1
118490,1
118491,1
118492,1
118493,1
118494,1
118495,1
118496,1
118497,1
118498,1
118499,1
118500,1
118501,1
118502,1
118503,1
118504,1
118505,1
118506,1
118507,1
118508,1
118509,1
118510,1
118511,1
118512,1
118513,1
118514,1
118515,1
118516,1
118517,1
118518,1
118519,1
118520,1
118521,1
118522,1
118523,1
118524,1
118525,1
118526,1
118527,1
118528,1
118529,1
118530,1
118531,1
118532,1
118533,1
118534,1
118535,1
118536,1
118537,1
118538,1
118539,1
118540,1
118541,1
118542,1
118543,1
118544,1
118545,1
118546,1
118547,1
118548,1
118549,1
118550,1
118551,1
118552,1
118553,1
118554,1
118555,1
118556,1
118557,1
118558,1
118559,1
118560,1
118561,1
118562,1
118563,1
118564,1
118565,1
118566,1
118567,1
118568,1
118569,1
118570,1
118571,1
118572,1
118573,1
118574,1
118575,1
118576,1
118577,1
118578,1
118579,1
118580,1
118581,1
118582,1
118583,1
118584,1
118585,1
118586,1
118587,1
118588,1
118589,1
118590,1
118591,1
118592,1
118593,1
118594,1
118595,1
118596,1
118597,1
118598,1
118599,1
118600,1
118601,1
118602,1
118603,1
118604,1
118605,1
118606,1
118607,1
118608,1
118609,1
118610,1
118611,1
118612,1
118613,1
118614,1
118615,1
118616,1
118617,1
118618,1
118619,1
118620,1
118621,1
118622,1
118623,1
118624,1
118625,1
118626,1
118627,1
118628,1
118629,1
118630,1
118631,1
118632,1
118633,1
118634,1
118635,1
118636,1
118637,1
118638,1
118639,1
118640,1
118641,1
118642,1
118643,1
118644,1
118645,1
118646,1
118647,1
118648,1
118649,1
118650,1
118651,1
118652,1
118653,1
118654,1
118655,1
118656,1
118657,1
118658,1
118659,1
118660,1
118661,1
118662,1
118663,1
118664,1
118665,1
118666,1
118667,1
118668,1
118669,1
118670,1
118671,1
118672,1
118673,1
118674,1
118675,1
118676,1
118677,1
118678,1
118679,1
118680,1
118681,1
118682,1
118683,1
118684,1
118685,1
118686,1
118687,1
118688,1
118689,1
118690,1
118691,1
118692,1
118693,1
118694,1
118695,1
118696,1
118697,1
118698,1
118699,1
118700,1
118701,1
118702,1
118703,1
118704,1
118705,1
118706,1
118707,1
118708,1
118709,1
118710,1
118711,1
118712,1
118713,1
118714,1
118715,1
118716,1
118717,1
118718,1
118719,1
118720,1
118721,1
118722,1
118723,1
118724,1
118725,1
118726,1
118727,1
118728,1
118729,1
118730,1
118731,1
118732,1
118733,1
118734,1
118735,1
118736,1
118737,1
118738,1
118739,1
118740,1
118741,1
118742,1
118743,1
118744,1
118745,1
118746,1
118747,1
118748,1
118749,1
118750,1
118751,1
118752,1
118753,1
118754,1
118755,1
118756,1
118757,1
118758,1
118759,1
118760,1
118761,1
118762,1
118763,1
118764,1
118765,1
118766,1
118767,1
118768,1
118769,1
118770,1
118771,1
118772,1
118773,1
118774,1
118775,1
118776,1
118777,1
118778,1
118779,1
118780,1
118781,1
118782,1
118783,1
118784,1
118785,1
118786,1
118787,1
118788,1
118789,1
118790,1
118791,1
118792,1
118793,1
118794,1
118795,1
118796,1
118797,1
118798,1
118799,1
118800,1
118801,1
118802,1
118803,1
118804,1
118805,1
118806,1
118807,1
118808,1
118809,1
118810,1
118811,1
118812,1
118813,1
118814,1
118815,1
118816,1
118817,1
118818,1
118819,1
118820,1
118821,1
118822,1
118823,1
118824,1
118825,1
118826,1
118827,1
118828,1
118829,1
118830,1
118831,1
118832,1
118833,1
118834,1
118835,1
118836,1
118837,1
118838,1
118839,1
118840,1
118841,1
118842,1
118843,1
118844,1
118845,1
118846,1
118847,1
118848,1
118849,1
118850,1
118851,1
118852,1
118853,1
118854,1
118855,1
118856,1
118857,1
118858,1
118859,1
118860,1
118861,1
118862,1
118863,1
118864,1
118865,1
118866,1
118867,1
118868,1
118869,1
118870,1
118871,1
118872,1
118873,1
118874,1
118875,1
118876,1
118877,1
118878,1
118879,1
118880,1
118881,1
118882,1
118883,1
118884,1
118885,1
118886,1
118887,1
118888,1
118889,1
118890,1
118891,1
118892,1
118893,1
118894,1
118895,1
118896,1
118897,1
118898,1
118899,1
118900,1
118901,1
118902,1
118903,1
118904,1
118905,1
118906,1
118907,1
118908,1
118909,1
118910,1
118911,1
118912,1
118913,1
118914,1
118915,1
118916,1
118917,1
118918,1
118919,1
118920,1
118921,1
118922,1
118923,1
118924,1
118925,1
118926,1
118927,1
118928,1
118929,1
118930,1
118931,1
118932,1
118933,1
118934,1
118935,1
118936,1
118937,1
118938,1
118939,1
118940,1
118941,1
118942,1
118943,1
118944,1
118945,1
118946,1
118947,1
118948,1
118949,1
118950,1
118951,1
118952,1
118953,1
118954,1
118955,1
118956,1
118957,1
118958,1
118959,1
118960,1
118961,1
118962,1
118963,1
118964,1
118965,1
118966,1
118967,1
118968,1
118969,1
118970,1
118971,1
118972,1
118973,1
118974,1
118975,1
118976,1
118977,1
118978,1
118979,1
118980,1
118981,1
118982,1
118983,1
118984,1
118985,1
118986,1
118987,1
118988,1
118989,1
118990,1
118991,1
118992,1
118993,1
118994,1
118995,1
118996,1
118997,1
118998,1
118999,1
119000,1
119001,1
119002,1
119003,1
119004,1
119005,1
119006,1
119007,1
119008,1
119009,1
119010,1
119011,1
119012,1
119013,1
119014,1
119015,1
119016,1
119017,1
119018,1
119019,1
119020,1
119021,1
119022,1
119023,1
119024,1
119025,1
119026,1
119027,1
119028,1
119029,1
119030,1
119031,1
119032,1
119033,1
119034,1
119035,1
119036,1
119037,1
119038,1
119039,1
119040,1
119041,1
119042,1
119043,1
119044,1
119045,1
119046,1
119047,1
119048,1
119049,1
119050,1
119051,1
119052,1
119053,1
119054,1
119055,1
119056,1
119057,1
119058,1
119059,1
119060,1
119061,1
119062,1
119063,1
119064,1
119065,1
119066,1
119067,1
119068,1
119069,1
119070,1
119071,1
119072,1
119073,1
119074,1
119075,1
119076,1
119077,1
119078,1
119079,1
119080,1
119081,1
119082,1
119083,1
119084,1
119085,1
119086,1
119087,1
119088,1
119089,1
119090,1
119091,1
119092,1
119093,1
119094,1
119095,1
119096,1
119097,1
119098,1
119099,1
119100,1
119101,1
119102,1
119103,1
119104,1
119105,1
119106,1
119107,1
119108,1
119109,1
119110,1
119111,1
119112,1
119113,1
119114,1
119115,1
119116,1
119117,1
119118,1
119119,1
119120,1
119121,1
119122,1
119123,1
119124,1
119125,1
119126,1
119127,1
119128,1
119129,1
119130,1
119131,1
119132,1
119133,1
119134,1
119135,1
119136,1
119137,1
119138,1
119139,1
119140,1
119141,1
119142,1
119143,1
119144,1
119145,1
119146,1
119147,1
119148,1
119149,1
119150,1
119151,1
119152,1
119153,1
119154,1
119155,1
119156,1
119157,1
119158,1
119159,1
119160,1
119161,1
119162,1
119163,1
119164,1
119165,1
119166,1
119167,1
119168,1
119169,1
119170,1
119171,1
119172,1
119173,1
119174,1
119175,1
119176,1
119177,1
119178,1
119179,1
119180,1
119181,1
119182,1
119183,1
119184,1
119185,1
119186,1
119187,1
119188,1
119189,1
119190,1
119191,1
119192,1
119193,1
119194,1
119195,1
119196,1
119197,1
119198,1
119199,1
119200,1
119201,1
119202,1
119203,1
119204,1
119205,1
119206,1
119207,1
119208,1
119209,1
119210,1
119211,1
119212,1
119213,1
119214,1
119215,1
119216,1
119217,1
119218,1
119219,1
119220,1
119221,1
119222,1
119223,1
119224,1
119225,1
119226,1
119227,1
119228,1
119229,1
119230,1
119231,1
119232,1
119233,1
119234,1
119235,1
119236,1
119237,1
119238,1
119239,1
119240,1
119241,1
119242,1
119243,1
119244,1
119245,1
119246,1
119247,1
119248,1
119249,1
119250,1
119251,1
119252,1
119253,1
119254,1
119255,1
119256,1
119257,1
119258,1
119259,1
119260,1
119261,1
119262,1
119263,1
119264,1
119265,1
119266,1
119267,1
119268,1
119269,1
119270,1
119271,1
119272,1
119273,1
119274,1
119275,1
119276,1
119277,1
119278,1
119279,1
119280,1
119281,1
119282,1
119283,1
119284,1
119285,1
119286,1
119287,1
119288,1
119289,1
119290,1
119291,1
119292,1
119293,1
119294,1
119295,1
119296,1
119297,1
119298,1
119299,1
119300,1
119301,1
119302,1
119303,1
119304,1
119305,1
119306,1
119307,1
119308,1
119309,1
119310,1
119311,1
119312,1
119313,1
119314,1
119315,1
119316,1
119317,1
119318,1
119319,1
119320,1
119321,1
119322,1
119323,1
119324,1
119325,1
119326,1
119327,1
119328,1
119329,1
119330,1
119331,1
119332,1
119333,1
119334,1
119335,1
119336,1
119337,1
119338,1
119339,1
119340,1
119341,1
119342,1
119343,1
119344,1
119345,1
119346,1
119347,1
119348,1
119349,1
119350,1
119351,1
119352,1
119353,1
119354,1
119355,1
119356,1
119357,1
119358,1
119359,1
119360,1
119361,1
119362,1
119363,1
119364,1
119365,1
119366,1
119367,1
119368,1
119369,1
119370,1
119371,1
119372,1
119373,1
119374,1
119375,1
119376,1
119377,1
119378,1
119379,1
119380,1
119381,1
119382,1
119383,1
119384,1
119385,1
119386,1
119387,1
119388,1
119389,1
119390,1
119391,1
119392,1
119393,1
119394,1
119395,1
119396,1
119397,1
119398,1
119399,1
119400,1
119401,1
119402,1
119403,1
119404,1
119405,1
119406,1
119407,1
119408,1
119409,1
119410,1
119411,1
119412,1
119413,1
119414,1
119415,1
119416,1
119417,1
119418,1
119419,1
119420,1
119421,1
119422,1
119423,1
119424,1
119425,1
119426,1
119427,1
119428,1
119429,1
119430,1
119431,1
119432,1
119433,1
119434,1
119435,1
119436,1
119437,1
119438,1
119439,1
119440,1
119441,1
119442,1
119443,1
119444,1
119445,1
119446,1
119447,1
119448,1
119449,1
119450,1
119451,1
119452,1
119453,1
119454,1
119455,1
119456,1
119457,1
119458,1
119459,1
119460,1
119461,1
119462,1
119463,1
119464,1
119465,1
119466,1
119467,1
119468,1
119469,1
119470,1
119471,1
119472,1
119473,1
119474,1
119475,1
119476,1
119477,1
119478,1
119479,1
119480,1
119481,1
119482,1
119483,1
119484,1
119485,1
119486,1
119487,1
119488,1
119489,1
119490,1
119491,1
119492,1
119493,1
119494,1
119495,1
119496,1
119497,1
119498,1
119499,1
119500,1
119501,1
119502,1
119503,1
119504,1
119505,1
119506,1
119507,1
119508,1
119509,1
119510,1
119511,1
119512,1
119513,1
119514,1
119515,1
119516,1
119517,1
119518,1
119519,1
119520,1
119521,1
119522,1
119523,1
119524,1
119525,1
119526,1
119527,1
119528,1
119529,1
119530,1
119531,1
119532,1
119533,1
119534,1
119535,1
119536,1
119537,1
119538,1
119539,1
119540,1
119541,1
119542,1
119543,1
119544,1
119545,1
119546,1
119547,1
119548,1
119549,1
119550,1
119551,1
119552,1
119553,1
119554,1
119555,1
119556,1
119557,1
119558,1
119559,1
119560,1
119561,1
119562,1
119563,1
119564,1
119565,1
119566,1
119567,1
119568,1
119569,1
119570,1
119571,1
119572,1
119573,1
119574,1
119575,1
119576,1
119577,1
119578,1
119579,1
119580,1
119581,1
119582,1
119583,1
119584,1
119585,1
119586,1
119587,1
119588,1
119589,1
119590,1
119591,1
119592,1
119593,1
119594,1
119595,1
119596,1
119597,1
119598,1
119599,1
119600,1
119601,1
119602,1
119603,1
119604,1
119605,1
119606,1
119607,1
119608,1
119609,1
119610,1
119611,1
119612,1
119613,1
119614,1
119615,1
119616,1
119617,1
119618,1
119619,1
119620,1
119621,1
119622,1
119623,1
119624,1
119625,1
119626,1
119627,1
119628,1
119629,1
119630,1
119631,1
119632,1
119633,1
119634,1
119635,1
119636,1
119637,1
119638,1
119639,1
119640,1
119641,1
119642,1
119643,1
119644,1
119645,1
119646,1
119647,1
119648,1
119649,1
119650,1
119651,1
119652,1
119653,1
119654,1
119655,1
119656,1
119657,1
119658,1
119659,1
119660,1
119661,1
119662,1
119663,1
119664,1
119665,1
119666,1
119667,1
119668,1
119669,1
119670,1
119671,1
119672,1
119673,1
119674,1
119675,1
119676,1
119677,1
119678,1
119679,1
119680,1
119681,1
119682,1
119683,1
119684,1
119685,1
119686,1
119687,1
119688,1
119689,1
119690,1
119691,1
119692,1
119693,1
119694,1
119695,1
119696,1
119697,1
119698,1
119699,1
119700,1
119701,1
119702,1
119703,1
119704,1
119705,1
119706,1
119707,1
119708,1
119709,1
119710,1
119711,1
119712,1
119713,1
119714,1
119715,1
119716,1
119717,1
119718,1
119719,1
119720,1
119721,1
119722,1
119723,1
119724,1
119725,1
119726,1
119727,1
119728,1
119729,1
119730,1
119731,1
119732,1
119733,1
119734,1
119735,1
119736,1
119737,1
119738,1
119739,1
119740,1
119741,1
119742,1
119743,1
119744,1
119745,1
119746,1
119747,1
119748,1
119749,1
119750,1
119751,1
119752,1
119753,1
119754,1
119755,1
119756,1
119757,1
119758,1
119759,1
119760,1
119761,1
119762,1
119763,1
119764,1
119765,1
119766,1
119767,1
119768,1
119769,1
119770,1
119771,1
119772,1
119773,1
119774,1
119775,1
119776,1
119777,1
119778,1
119779,1
119780,1
119781,1
119782,1
119783,1
119784,1
119785,1
119786,1
119787,1
119788,1
119789,1
119790,1
119791,1
119792,1
119793,1
119794,1
119795,1
119796,1
119797,1
119798,1
119799,1
119800,1
119801,1
119802,1
119803,1
119804,1
119805,1
119806,1
119807,1
119808,1
119809,1
119810,1
119811,1
119812,1
119813,1
119814,1
119815,1
119816,1
119817,1
119818,1
119819,1
119820,1
119821,1
119822,1
119823,1
119824,1
119825,1
119826,1
119827,1
119828,1
119829,1
119830,1
119831,1
119832,1
119833,1
119834,1
119835,1
119836,1
119837,1
119838,1
119839,1
119840,1
119841,1
119842,1
119843,1
119844,1
119845,1
119846,1
119847,1
119848,1
119849,1
119850,1
119851,1
119852,1
119853,1
119854,1
119855,1
119856,1
119857,1
119858,1
119859,1
119860,1
119861,1
119862,1
119863,1
119864,1
119865,1
119866,1
119867,1
119868,1
119869,1
119870,1
119871,1
119872,1
119873,1
119874,1
119875,1
119876,1
119877,1
119878,1
119879,1
119880,1
119881,1
119882,1
119883,1
119884,1
119885,1
119886,1
119887,1
119888,1
119889,1
119890,1
119891,1
119892,1
119893,1
119894,1
119895,1
119896,1
119897,1
119898,1
119899,1
119900,1
119901,1
119902,1
119903,1
119904,1
119905,1
119906,1
119907,1
119908,1
119909,1
119910,1
119911,1
119912,1
119913,1
119914,1
119915,1
119916,1
119917,1
119918,1
119919,1
119920,1
119921,1
119922,1
119923,1
119924,1
119925,1
119926,1
119927,1
119928,1
119929,1
119930,1
119931,1
119932,1
119933,1
119934,1
119935,1
119936,1
119937,1
119938,1
119939,1
119940,1
119941,1
119942,1
119943,1
119944,1
119945,1
119946,1
119947,1
119948,1
119949,1
119950,1
119951,1
119952,1
119953,1
119954,1
119955,1
119956,1
119957,1
119958,1
119959,1
119960,1
119961,1
119962,1
119963,1
119964,1
119965,1
119966,1
119967,1
119968,1
119969,1
119970,1
119971,1
119972,1
119973,1
119974,1
119975,1
119976,1
119977,1
119978,1
119979,1
119980,1
119981,1
119982,1
119983,1
119984,1
119985,1
119986,1
119987,1
119988,1
119989,1
119990,1
119991,1
119992,1
119993,1
119994,1
119995,1
119996,1
119997,1
119998,1
119999,1
